Municipio;Mes;Produto;Preco_Distribuicao
ADAMANTINA;2025-01;ETANOL;3,3224
ADAMANTINA;2025-02;ETANOL;3,4268
ADAMANTINA;2025-03;ETANOL;3,4237
ADAMANTINA;2025-04;ETANOL;3,3468
ADAMANTINA;2025-05;ETANOL;3,3169
ADAMANTINA;2025-06;ETANOL;3,1935
ADAMANTINA;2025-07;ETANOL;3,1979
ADAMANTINA;2025-08;ETANOL;3,3018
ADAMANTINA;2025-09;ETANOL;3,4321
ADAMANTINA;2025-10;ETANOL;3,4055
ADAMANTINA;2025-11;ETANOL;3,4529
ADAMANTINA;2025-12;ETANOL;3,5823
ADAMANTINA;2025-01;GASOLINA;5,3234
ADAMANTINA;2025-02;GASOLINA;5,4206
ADAMANTINA;2025-03;GASOLINA;5,392
ADAMANTINA;2025-04;GASOLINA;5,3587
ADAMANTINA;2025-05;GASOLINA;5,2771
ADAMANTINA;2025-06;GASOLINA;5,311
ADAMANTINA;2025-07;GASOLINA;5,2629
ADAMANTINA;2025-08;GASOLINA;5,271
ADAMANTINA;2025-09;GASOLINA;5,2272
ADAMANTINA;2025-10;GASOLINA;5,2439
ADAMANTINA;2025-11;GASOLINA;5,2792
ADAMANTINA;2025-12;GASOLINA;5,2985
ADAMANTINA;2025-01;DIESEL S10;5,5537
ADAMANTINA;2025-02;DIESEL S10;5,7674
ADAMANTINA;2025-03;DIESEL S10;5,6376
ADAMANTINA;2025-04;DIESEL S10;5,4232
ADAMANTINA;2025-05;DIESEL S10;5,1745
ADAMANTINA;2025-06;DIESEL S10;5,2232
ADAMANTINA;2025-07;DIESEL S10;5,3621
ADAMANTINA;2025-08;DIESEL S10;5,4488
ADAMANTINA;2025-09;DIESEL S10;5,3591
ADAMANTINA;2025-10;DIESEL S10;5,4188
ADAMANTINA;2025-11;DIESEL S10;5,4492
ADAMANTINA;2025-12;DIESEL S10;5,4304
AMERICANA;2025-01;ETANOL;3,4645
AMERICANA;2025-02;ETANOL;3,565
AMERICANA;2025-03;ETANOL;3,5284
AMERICANA;2025-04;ETANOL;3,438
AMERICANA;2025-05;ETANOL;3,3946
AMERICANA;2025-06;ETANOL;3,2736
AMERICANA;2025-07;ETANOL;3,2779
AMERICANA;2025-08;ETANOL;3,3946
AMERICANA;2025-09;ETANOL;3,5023
AMERICANA;2025-10;ETANOL;3,4739
AMERICANA;2025-11;ETANOL;3,564
AMERICANA;2025-12;ETANOL;3,6966
AMERICANA;2025-01;GASOLINA;5,3327
AMERICANA;2025-02;GASOLINA;5,4361
AMERICANA;2025-03;GASOLINA;5,398
AMERICANA;2025-04;GASOLINA;5,3707
AMERICANA;2025-05;GASOLINA;5,3315
AMERICANA;2025-06;GASOLINA;5,2713
AMERICANA;2025-07;GASOLINA;5,2713
AMERICANA;2025-08;GASOLINA;5,2706
AMERICANA;2025-09;GASOLINA;5,2736
AMERICANA;2025-10;GASOLINA;5,2794
AMERICANA;2025-11;GASOLINA;5,2589
AMERICANA;2025-12;GASOLINA;5,2893
AMERICANA;2025-01;DIESEL S10;5,5093
AMERICANA;2025-02;DIESEL S10;5,758
AMERICANA;2025-03;DIESEL S10;5,6651
AMERICANA;2025-04;DIESEL S10;5,4107
AMERICANA;2025-05;DIESEL S10;5,1996
AMERICANA;2025-06;DIESEL S10;5,1869
AMERICANA;2025-07;DIESEL S10;5,2447
AMERICANA;2025-08;DIESEL S10;5,3585
AMERICANA;2025-09;DIESEL S10;5,3421
AMERICANA;2025-10;DIESEL S10;5,3527
AMERICANA;2025-11;DIESEL S10;5,3817
AMERICANA;2025-12;DIESEL S10;5,4156
AMPARO;2025-01;ETANOL;3,5039
AMPARO;2025-02;ETANOL;3,646
AMPARO;2025-03;ETANOL;3,5845
AMPARO;2025-04;ETANOL;3,4662
AMPARO;2025-05;ETANOL;3,4576
AMPARO;2025-06;ETANOL;3,3378
AMPARO;2025-07;ETANOL;3,3162
AMPARO;2025-08;ETANOL;3,4516
AMPARO;2025-09;ETANOL;3,5524
AMPARO;2025-10;ETANOL;3,5324
AMPARO;2025-11;ETANOL;3,6167
AMPARO;2025-12;ETANOL;3,7262
AMPARO;2025-01;GASOLINA;5,3584
AMPARO;2025-02;GASOLINA;5,5151
AMPARO;2025-03;GASOLINA;5,4851
AMPARO;2025-04;GASOLINA;5,4788
AMPARO;2025-05;GASOLINA;5,4619
AMPARO;2025-06;GASOLINA;5,3742
AMPARO;2025-07;GASOLINA;5,3593
AMPARO;2025-08;GASOLINA;5,3665
AMPARO;2025-09;GASOLINA;5,4083
AMPARO;2025-10;GASOLINA;5,3594
AMPARO;2025-11;GASOLINA;5,3512
AMPARO;2025-12;GASOLINA;5,3821
AMPARO;2025-01;DIESEL S10;5,557
AMPARO;2025-02;DIESEL S10;5,8188
AMPARO;2025-03;DIESEL S10;5,7804
AMPARO;2025-04;DIESEL S10;5,5256
AMPARO;2025-05;DIESEL S10;5,2982
AMPARO;2025-06;DIESEL S10;5,3815
AMPARO;2025-07;DIESEL S10;5,4256
AMPARO;2025-08;DIESEL S10;5,5183
AMPARO;2025-09;DIESEL S10;5,4494
AMPARO;2025-10;DIESEL S10;5,4772
AMPARO;2025-11;DIESEL S10;5,5042
AMPARO;2025-12;DIESEL S10;5,5228
ARACATUBA;2025-01;ETANOL;3,348
ARACATUBA;2025-02;ETANOL;3,4645
ARACATUBA;2025-03;ETANOL;3,4333
ARACATUBA;2025-04;ETANOL;3,3231
ARACATUBA;2025-05;ETANOL;3,2922
ARACATUBA;2025-06;ETANOL;3,1597
ARACATUBA;2025-07;ETANOL;3,1785
ARACATUBA;2025-08;ETANOL;3,2883
ARACATUBA;2025-09;ETANOL;3,4088
ARACATUBA;2025-10;ETANOL;3,3674
ARACATUBA;2025-11;ETANOL;3,4402
ARACATUBA;2025-12;ETANOL;3,5643
ARACATUBA;2025-01;GASOLINA;5,4415
ARACATUBA;2025-02;GASOLINA;5,4934
ARACATUBA;2025-03;GASOLINA;5,4527
ARACATUBA;2025-04;GASOLINA;5,4023
ARACATUBA;2025-05;GASOLINA;5,3455
ARACATUBA;2025-06;GASOLINA;5,3101
ARACATUBA;2025-07;GASOLINA;5,335
ARACATUBA;2025-08;GASOLINA;5,3273
ARACATUBA;2025-09;GASOLINA;5,3078
ARACATUBA;2025-10;GASOLINA;5,2988
ARACATUBA;2025-11;GASOLINA;5,3123
ARACATUBA;2025-12;GASOLINA;5,3533
ARACATUBA;2025-01;DIESEL S10;5,5016
ARACATUBA;2025-02;DIESEL S10;5,7662
ARACATUBA;2025-03;DIESEL S10;5,6621
ARACATUBA;2025-04;DIESEL S10;5,4219
ARACATUBA;2025-05;DIESEL S10;5,2273
ARACATUBA;2025-06;DIESEL S10;5,2264
ARACATUBA;2025-07;DIESEL S10;5,3192
ARACATUBA;2025-08;DIESEL S10;5,4197
ARACATUBA;2025-09;DIESEL S10;5,3822
ARACATUBA;2025-10;DIESEL S10;5,4001
ARACATUBA;2025-11;DIESEL S10;5,4043
ARACATUBA;2025-12;DIESEL S10;5,4133
ARARAS;2025-01;ETANOL;3,4083
ARARAS;2025-02;ETANOL;3,494
ARARAS;2025-03;ETANOL;3,4686
ARARAS;2025-04;ETANOL;3,361
ARARAS;2025-05;ETANOL;3,3609
ARARAS;2025-06;ETANOL;3,2338
ARARAS;2025-07;ETANOL;3,2162
ARARAS;2025-08;ETANOL;3,3517
ARARAS;2025-09;ETANOL;3,4612
ARARAS;2025-10;ETANOL;3,4332
ARARAS;2025-11;ETANOL;3,5222
ARARAS;2025-12;ETANOL;3,6406
ARARAS;2025-01;GASOLINA;5,2794
ARARAS;2025-02;GASOLINA;5,4006
ARARAS;2025-03;GASOLINA;5,317
ARARAS;2025-04;GASOLINA;5,287
ARARAS;2025-05;GASOLINA;5,274
ARARAS;2025-06;GASOLINA;5,2179
ARARAS;2025-07;GASOLINA;5,2336
ARARAS;2025-08;GASOLINA;5,2287
ARARAS;2025-09;GASOLINA;5,204
ARARAS;2025-10;GASOLINA;5,2394
ARARAS;2025-11;GASOLINA;5,2393
ARARAS;2025-12;GASOLINA;5,2344
ARARAS;2025-01;DIESEL S10;5,499
ARARAS;2025-02;DIESEL S10;5,7487
ARARAS;2025-03;DIESEL S10;5,6626
ARARAS;2025-04;DIESEL S10;5,3945
ARARAS;2025-05;DIESEL S10;5,1999
ARARAS;2025-06;DIESEL S10;5,1777
ARARAS;2025-07;DIESEL S10;5,2558
ARARAS;2025-08;DIESEL S10;5,347
ARARAS;2025-09;DIESEL S10;5,3392
ARARAS;2025-10;DIESEL S10;5,3428
ARARAS;2025-11;DIESEL S10;5,3714
ARARAS;2025-12;DIESEL S10;5,4091
ASSIS;2025-01;ETANOL;3,4203
ASSIS;2025-02;ETANOL;3,5357
ASSIS;2025-03;ETANOL;3,5147
ASSIS;2025-04;ETANOL;3,413
ASSIS;2025-05;ETANOL;3,4149
ASSIS;2025-06;ETANOL;3,3045
ASSIS;2025-07;ETANOL;3,2871
ASSIS;2025-08;ETANOL;3,3808
ASSIS;2025-09;ETANOL;3,5208
ASSIS;2025-10;ETANOL;3,4651
ASSIS;2025-11;ETANOL;3,5596
ASSIS;2025-12;ETANOL;3,6758
ASSIS;2025-01;GASOLINA;5,3929
ASSIS;2025-02;GASOLINA;5,5077
ASSIS;2025-03;GASOLINA;5,4021
ASSIS;2025-04;GASOLINA;5,3687
ASSIS;2025-05;GASOLINA;5,273
ASSIS;2025-06;GASOLINA;5,2537
ASSIS;2025-07;GASOLINA;5,3466
ASSIS;2025-08;GASOLINA;5,3426
ASSIS;2025-09;GASOLINA;5,364
ASSIS;2025-10;GASOLINA;5,3611
ASSIS;2025-11;GASOLINA;5,3616
ASSIS;2025-12;GASOLINA;5,4117
ASSIS;2025-01;DIESEL S10;5,6021
ASSIS;2025-02;DIESEL S10;5,8417
ASSIS;2025-03;DIESEL S10;5,77
ASSIS;2025-04;DIESEL S10;5,5442
ASSIS;2025-05;DIESEL S10;5,3156
ASSIS;2025-06;DIESEL S10;5,3428
ASSIS;2025-07;DIESEL S10;5,3567
ASSIS;2025-08;DIESEL S10;5,4546
ASSIS;2025-09;DIESEL S10;5,4388
ASSIS;2025-10;DIESEL S10;5,4455
ASSIS;2025-11;DIESEL S10;5,4681
ASSIS;2025-12;DIESEL S10;5,4941
AVARE;2025-01;ETANOL;3,4545
AVARE;2025-02;ETANOL;3,5161
AVARE;2025-03;ETANOL;3,5013
AVARE;2025-04;ETANOL;3,3968
AVARE;2025-05;ETANOL;3,3653
AVARE;2025-06;ETANOL;3,251
AVARE;2025-07;ETANOL;3,2447
AVARE;2025-08;ETANOL;3,3369
AVARE;2025-09;ETANOL;3,4701
AVARE;2025-10;ETANOL;3,4094
AVARE;2025-11;ETANOL;3,5219
AVARE;2025-12;ETANOL;3,6648
AVARE;2025-01;GASOLINA;5,3199
AVARE;2025-02;GASOLINA;5,4004
AVARE;2025-03;GASOLINA;5,3469
AVARE;2025-04;GASOLINA;5,3177
AVARE;2025-05;GASOLINA;5,296
AVARE;2025-06;GASOLINA;5,2244
AVARE;2025-07;GASOLINA;5,2327
AVARE;2025-08;GASOLINA;5,2336
AVARE;2025-09;GASOLINA;5,2391
AVARE;2025-10;GASOLINA;5,2156
AVARE;2025-11;GASOLINA;5,2268
AVARE;2025-12;GASOLINA;5,2716
AVARE;2025-01;DIESEL S10;5,4344
AVARE;2025-02;DIESEL S10;5,644
AVARE;2025-03;DIESEL S10;5,5597
AVARE;2025-04;DIESEL S10;5,3409
AVARE;2025-05;DIESEL S10;5,1674
AVARE;2025-06;DIESEL S10;5,1079
AVARE;2025-07;DIESEL S10;5,1514
AVARE;2025-08;DIESEL S10;5,2533
AVARE;2025-09;DIESEL S10;5,2445
AVARE;2025-10;DIESEL S10;5,2424
AVARE;2025-11;DIESEL S10;5,2911
AVARE;2025-12;DIESEL S10;5,3145
BARRETOS;2025-01;ETANOL;3,4174
BARRETOS;2025-02;ETANOL;3,4972
BARRETOS;2025-03;ETANOL;3,4326
BARRETOS;2025-04;ETANOL;3,3547
BARRETOS;2025-05;ETANOL;3,3582
BARRETOS;2025-06;ETANOL;3,2225
BARRETOS;2025-07;ETANOL;3,2038
BARRETOS;2025-08;ETANOL;3,309
BARRETOS;2025-09;ETANOL;3,4462
BARRETOS;2025-10;ETANOL;3,3992
BARRETOS;2025-11;ETANOL;3,4884
BARRETOS;2025-12;ETANOL;3,6293
BARRETOS;2025-01;GASOLINA;5,3174
BARRETOS;2025-02;GASOLINA;5,4844
BARRETOS;2025-03;GASOLINA;5,4027
BARRETOS;2025-04;GASOLINA;5,3939
BARRETOS;2025-05;GASOLINA;5,3264
BARRETOS;2025-06;GASOLINA;5,3004
BARRETOS;2025-07;GASOLINA;5,2745
BARRETOS;2025-08;GASOLINA;5,2723
BARRETOS;2025-09;GASOLINA;5,2164
BARRETOS;2025-10;GASOLINA;5,284
BARRETOS;2025-11;GASOLINA;5,2646
BARRETOS;2025-12;GASOLINA;5,2872
BARRETOS;2025-01;DIESEL S10;5,4204
BARRETOS;2025-02;DIESEL S10;5,6391
BARRETOS;2025-03;DIESEL S10;5,5658
BARRETOS;2025-04;DIESEL S10;5,3033
BARRETOS;2025-05;DIESEL S10;5,0797
BARRETOS;2025-06;DIESEL S10;5,158
BARRETOS;2025-07;DIESEL S10;5,2721
BARRETOS;2025-08;DIESEL S10;5,3226
BARRETOS;2025-09;DIESEL S10;5,2856
BARRETOS;2025-10;DIESEL S10;5,3049
BARRETOS;2025-11;DIESEL S10;5,3233
BARRETOS;2025-12;DIESEL S10;5,3164
BARUERI;2025-01;ETANOL;3,5394
BARUERI;2025-02;ETANOL;3,6285
BARUERI;2025-03;ETANOL;3,5768
BARUERI;2025-04;ETANOL;3,477
BARUERI;2025-05;ETANOL;3,4462
BARUERI;2025-06;ETANOL;3,3074
BARUERI;2025-07;ETANOL;3,2884
BARUERI;2025-08;ETANOL;3,3962
BARUERI;2025-09;ETANOL;3,5191
BARUERI;2025-10;ETANOL;3,4911
BARUERI;2025-11;ETANOL;3,5745
BARUERI;2025-12;ETANOL;3,6988
BARUERI;2025-01;GASOLINA;5,3232
BARUERI;2025-02;GASOLINA;5,4203
BARUERI;2025-03;GASOLINA;5,3758
BARUERI;2025-04;GASOLINA;5,3366
BARUERI;2025-05;GASOLINA;5,3333
BARUERI;2025-06;GASOLINA;5,228
BARUERI;2025-07;GASOLINA;5,2202
BARUERI;2025-08;GASOLINA;5,2292
BARUERI;2025-09;GASOLINA;5,2309
BARUERI;2025-10;GASOLINA;5,2222
BARUERI;2025-11;GASOLINA;5,2081
BARUERI;2025-12;GASOLINA;5,2341
BARUERI;2025-01;DIESEL S10;5,4855
BARUERI;2025-02;DIESEL S10;5,7383
BARUERI;2025-03;DIESEL S10;5,5998
BARUERI;2025-04;DIESEL S10;5,3832
BARUERI;2025-05;DIESEL S10;5,2099
BARUERI;2025-06;DIESEL S10;5,2564
BARUERI;2025-07;DIESEL S10;5,3175
BARUERI;2025-08;DIESEL S10;5,3984
BARUERI;2025-09;DIESEL S10;5,3513
BARUERI;2025-10;DIESEL S10;5,4191
BARUERI;2025-11;DIESEL S10;5,4618
BARUERI;2025-12;DIESEL S10;5,3659
BAURU;2025-01;ETANOL;3,3921
BAURU;2025-02;ETANOL;3,4755
BAURU;2025-03;ETANOL;3,4498
BAURU;2025-04;ETANOL;3,3656
BAURU;2025-05;ETANOL;3,3291
BAURU;2025-06;ETANOL;3,1938
BAURU;2025-07;ETANOL;3,1907
BAURU;2025-08;ETANOL;3,3131
BAURU;2025-09;ETANOL;3,4292
BAURU;2025-10;ETANOL;3,3886
BAURU;2025-11;ETANOL;3,4787
BAURU;2025-12;ETANOL;3,6013
BAURU;2025-01;GASOLINA;5,3037
BAURU;2025-02;GASOLINA;5,4454
BAURU;2025-03;GASOLINA;5,3658
BAURU;2025-04;GASOLINA;5,3285
BAURU;2025-05;GASOLINA;5,2985
BAURU;2025-06;GASOLINA;5,2381
BAURU;2025-07;GASOLINA;5,2355
BAURU;2025-08;GASOLINA;5,2334
BAURU;2025-09;GASOLINA;5,1951
BAURU;2025-10;GASOLINA;5,2281
BAURU;2025-11;GASOLINA;5,2239
BAURU;2025-12;GASOLINA;5,263
BAURU;2025-01;DIESEL S10;5,5885
BAURU;2025-02;DIESEL S10;5,8082
BAURU;2025-03;DIESEL S10;5,7026
BAURU;2025-04;DIESEL S10;5,4549
BAURU;2025-05;DIESEL S10;5,2639
BAURU;2025-06;DIESEL S10;5,2679
BAURU;2025-07;DIESEL S10;5,3429
BAURU;2025-08;DIESEL S10;5,4405
BAURU;2025-09;DIESEL S10;5,3797
BAURU;2025-10;DIESEL S10;5,4199
BAURU;2025-11;DIESEL S10;5,4385
BAURU;2025-12;DIESEL S10;5,4303
BEBEDOURO;2025-01;ETANOL;3,4316
BEBEDOURO;2025-02;ETANOL;3,504
BEBEDOURO;2025-03;ETANOL;3,4699
BEBEDOURO;2025-04;ETANOL;3,3911
BEBEDOURO;2025-05;ETANOL;3,3725
BEBEDOURO;2025-06;ETANOL;3,2497
BEBEDOURO;2025-07;ETANOL;3,247
BEBEDOURO;2025-08;ETANOL;3,3445
BEBEDOURO;2025-09;ETANOL;3,4687
BEBEDOURO;2025-10;ETANOL;3,4357
BEBEDOURO;2025-11;ETANOL;3,5202
BEBEDOURO;2025-12;ETANOL;3,6397
BEBEDOURO;2025-01;GASOLINA;5,3073
BEBEDOURO;2025-02;GASOLINA;5,4487
BEBEDOURO;2025-03;GASOLINA;5,4435
BEBEDOURO;2025-04;GASOLINA;5,4193
BEBEDOURO;2025-05;GASOLINA;5,3942
BEBEDOURO;2025-06;GASOLINA;5,301
BEBEDOURO;2025-07;GASOLINA;5,3058
BEBEDOURO;2025-08;GASOLINA;5,2714
BEBEDOURO;2025-09;GASOLINA;5,2576
BEBEDOURO;2025-10;GASOLINA;5,2822
BEBEDOURO;2025-11;GASOLINA;5,2554
BEBEDOURO;2025-12;GASOLINA;5,294
BEBEDOURO;2025-01;DIESEL S10;5,4218
BEBEDOURO;2025-02;DIESEL S10;5,6513
BEBEDOURO;2025-03;DIESEL S10;5,5828
BEBEDOURO;2025-04;DIESEL S10;5,3131
BEBEDOURO;2025-05;DIESEL S10;5,1378
BEBEDOURO;2025-06;DIESEL S10;5,1708
BEBEDOURO;2025-07;DIESEL S10;5,2849
BEBEDOURO;2025-08;DIESEL S10;5,387
BEBEDOURO;2025-09;DIESEL S10;5,3269
BEBEDOURO;2025-10;DIESEL S10;5,3493
BEBEDOURO;2025-11;DIESEL S10;5,368
BEBEDOURO;2025-12;DIESEL S10;5,3634
BIRIGUI;2025-01;ETANOL;3,3776
BIRIGUI;2025-02;ETANOL;3,4832
BIRIGUI;2025-03;ETANOL;3,4459
BIRIGUI;2025-04;ETANOL;3,3477
BIRIGUI;2025-05;ETANOL;3,3147
BIRIGUI;2025-06;ETANOL;3,199
BIRIGUI;2025-07;ETANOL;3,1895
BIRIGUI;2025-08;ETANOL;3,2922
BIRIGUI;2025-09;ETANOL;3,4179
BIRIGUI;2025-10;ETANOL;3,3886
BIRIGUI;2025-11;ETANOL;3,4665
BIRIGUI;2025-12;ETANOL;3,5985
BIRIGUI;2025-01;GASOLINA;5,4502
BIRIGUI;2025-02;GASOLINA;5,4873
BIRIGUI;2025-03;GASOLINA;5,4623
BIRIGUI;2025-04;GASOLINA;5,3619
BIRIGUI;2025-05;GASOLINA;5,367
BIRIGUI;2025-06;GASOLINA;5,329
BIRIGUI;2025-07;GASOLINA;5,3249
BIRIGUI;2025-08;GASOLINA;5,3178
BIRIGUI;2025-09;GASOLINA;5,3077
BIRIGUI;2025-10;GASOLINA;5,3251
BIRIGUI;2025-11;GASOLINA;5,3351
BIRIGUI;2025-12;GASOLINA;5,3617
BIRIGUI;2025-01;DIESEL S10;5,572
BIRIGUI;2025-02;DIESEL S10;5,7979
BIRIGUI;2025-03;DIESEL S10;5,7445
BIRIGUI;2025-04;DIESEL S10;5,4094
BIRIGUI;2025-05;DIESEL S10;5,2762
BIRIGUI;2025-06;DIESEL S10;5,3164
BIRIGUI;2025-07;DIESEL S10;5,3756
BIRIGUI;2025-08;DIESEL S10;5,5201
BIRIGUI;2025-09;DIESEL S10;5,4968
BIRIGUI;2025-10;DIESEL S10;5,4958
BIRIGUI;2025-11;DIESEL S10;5,4963
BIRIGUI;2025-12;DIESEL S10;5,4746
BOTUCATU;2025-01;ETANOL;3,3819
BOTUCATU;2025-02;ETANOL;3,5131
BOTUCATU;2025-03;ETANOL;3,4685
BOTUCATU;2025-04;ETANOL;3,3525
BOTUCATU;2025-05;ETANOL;3,3057
BOTUCATU;2025-06;ETANOL;3,221
BOTUCATU;2025-07;ETANOL;3,2505
BOTUCATU;2025-08;ETANOL;3,3624
BOTUCATU;2025-09;ETANOL;3,4761
BOTUCATU;2025-10;ETANOL;3,4353
BOTUCATU;2025-11;ETANOL;3,529
BOTUCATU;2025-12;ETANOL;3,6567
BOTUCATU;2025-01;GASOLINA;5,3794
BOTUCATU;2025-02;GASOLINA;5,4817
BOTUCATU;2025-03;GASOLINA;5,4363
BOTUCATU;2025-04;GASOLINA;5,3906
BOTUCATU;2025-05;GASOLINA;5,3534
BOTUCATU;2025-06;GASOLINA;5,2916
BOTUCATU;2025-07;GASOLINA;5,2934
BOTUCATU;2025-08;GASOLINA;5,2977
BOTUCATU;2025-09;GASOLINA;5,2825
BOTUCATU;2025-10;GASOLINA;5,2765
BOTUCATU;2025-11;GASOLINA;5,2852
BOTUCATU;2025-12;GASOLINA;5,3268
BOTUCATU;2025-01;DIESEL S10;5,5798
BOTUCATU;2025-02;DIESEL S10;5,7787
BOTUCATU;2025-03;DIESEL S10;5,6929
BOTUCATU;2025-04;DIESEL S10;5,4689
BOTUCATU;2025-05;DIESEL S10;5,252
BOTUCATU;2025-06;DIESEL S10;5,2791
BOTUCATU;2025-07;DIESEL S10;5,3509
BOTUCATU;2025-08;DIESEL S10;5,4357
BOTUCATU;2025-09;DIESEL S10;5,3716
BOTUCATU;2025-10;DIESEL S10;5,3722
BOTUCATU;2025-11;DIESEL S10;5,4231
BOTUCATU;2025-12;DIESEL S10;5,4124
BRAGANCA PAULISTA;2025-01;ETANOL;3,4703
BRAGANCA PAULISTA;2025-02;ETANOL;3,5689
BRAGANCA PAULISTA;2025-03;ETANOL;3,527
BRAGANCA PAULISTA;2025-04;ETANOL;3,4103
BRAGANCA PAULISTA;2025-05;ETANOL;3,4067
BRAGANCA PAULISTA;2025-06;ETANOL;3,2629
BRAGANCA PAULISTA;2025-07;ETANOL;3,2429
BRAGANCA PAULISTA;2025-08;ETANOL;3,3661
BRAGANCA PAULISTA;2025-09;ETANOL;3,4857
BRAGANCA PAULISTA;2025-10;ETANOL;3,4509
BRAGANCA PAULISTA;2025-11;ETANOL;3,5438
BRAGANCA PAULISTA;2025-12;ETANOL;3,6796
BRAGANCA PAULISTA;2025-01;GASOLINA;5,2912
BRAGANCA PAULISTA;2025-02;GASOLINA;5,398
BRAGANCA PAULISTA;2025-03;GASOLINA;5,3831
BRAGANCA PAULISTA;2025-04;GASOLINA;5,3483
BRAGANCA PAULISTA;2025-05;GASOLINA;5,3629
BRAGANCA PAULISTA;2025-06;GASOLINA;5,2612
BRAGANCA PAULISTA;2025-07;GASOLINA;5,2449
BRAGANCA PAULISTA;2025-08;GASOLINA;5,2566
BRAGANCA PAULISTA;2025-09;GASOLINA;5,2913
BRAGANCA PAULISTA;2025-10;GASOLINA;5,2489
BRAGANCA PAULISTA;2025-11;GASOLINA;5,2244
BRAGANCA PAULISTA;2025-12;GASOLINA;5,2475
BRAGANCA PAULISTA;2025-01;DIESEL S10;5,4158
BRAGANCA PAULISTA;2025-02;DIESEL S10;5,6539
BRAGANCA PAULISTA;2025-03;DIESEL S10;5,5965
BRAGANCA PAULISTA;2025-04;DIESEL S10;5,3627
BRAGANCA PAULISTA;2025-05;DIESEL S10;5,1432
BRAGANCA PAULISTA;2025-06;DIESEL S10;5,1722
BRAGANCA PAULISTA;2025-07;DIESEL S10;5,2398
BRAGANCA PAULISTA;2025-08;DIESEL S10;5,3399
BRAGANCA PAULISTA;2025-09;DIESEL S10;5,3143
BRAGANCA PAULISTA;2025-10;DIESEL S10;5,3234
BRAGANCA PAULISTA;2025-11;DIESEL S10;5,3446
BRAGANCA PAULISTA;2025-12;DIESEL S10;5,3172
CACAPAVA;2025-01;ETANOL;3,5095
CACAPAVA;2025-02;ETANOL;3,6283
CACAPAVA;2025-03;ETANOL;3,5709
CACAPAVA;2025-04;ETANOL;3,4837
CACAPAVA;2025-05;ETANOL;3,4718
CACAPAVA;2025-06;ETANOL;3,3488
CACAPAVA;2025-07;ETANOL;3,3197
CACAPAVA;2025-08;ETANOL;3,4012
CACAPAVA;2025-09;ETANOL;3,5218
CACAPAVA;2025-10;ETANOL;3,5072
CACAPAVA;2025-11;ETANOL;3,6001
CACAPAVA;2025-12;ETANOL;3,7198
CACAPAVA;2025-01;GASOLINA;5,3231
CACAPAVA;2025-02;GASOLINA;5,4484
CACAPAVA;2025-03;GASOLINA;5,4061
CACAPAVA;2025-04;GASOLINA;5,3611
CACAPAVA;2025-05;GASOLINA;5,3798
CACAPAVA;2025-06;GASOLINA;5,2522
CACAPAVA;2025-07;GASOLINA;5,2401
CACAPAVA;2025-08;GASOLINA;5,2353
CACAPAVA;2025-09;GASOLINA;5,2818
CACAPAVA;2025-10;GASOLINA;5,2699
CACAPAVA;2025-11;GASOLINA;5,2338
CACAPAVA;2025-12;GASOLINA;5,2674
CACAPAVA;2025-01;DIESEL S10;5,4828
CACAPAVA;2025-02;DIESEL S10;5,7396
CACAPAVA;2025-03;DIESEL S10;5,7213
CACAPAVA;2025-04;DIESEL S10;5,5121
CACAPAVA;2025-05;DIESEL S10;5,3298
CACAPAVA;2025-06;DIESEL S10;5,3132
CACAPAVA;2025-07;DIESEL S10;5,3302
CACAPAVA;2025-08;DIESEL S10;5,3772
CACAPAVA;2025-09;DIESEL S10;5,3827
CACAPAVA;2025-10;DIESEL S10;5,394
CACAPAVA;2025-11;DIESEL S10;5,4196
CACAPAVA;2025-12;DIESEL S10;5,4321
CAMPINAS;2025-01;ETANOL;3,4796
CAMPINAS;2025-02;ETANOL;3,5873
CAMPINAS;2025-03;ETANOL;3,548
CAMPINAS;2025-04;ETANOL;3,4437
CAMPINAS;2025-05;ETANOL;3,4158
CAMPINAS;2025-06;ETANOL;3,2931
CAMPINAS;2025-07;ETANOL;3,2785
CAMPINAS;2025-08;ETANOL;3,3825
CAMPINAS;2025-09;ETANOL;3,5028
CAMPINAS;2025-10;ETANOL;3,4691
CAMPINAS;2025-11;ETANOL;3,5585
CAMPINAS;2025-12;ETANOL;3,6823
CAMPINAS;2025-01;GASOLINA;5,3605
CAMPINAS;2025-02;GASOLINA;5,4616
CAMPINAS;2025-03;GASOLINA;5,4135
CAMPINAS;2025-04;GASOLINA;5,3748
CAMPINAS;2025-05;GASOLINA;5,3501
CAMPINAS;2025-06;GASOLINA;5,278
CAMPINAS;2025-07;GASOLINA;5,2684
CAMPINAS;2025-08;GASOLINA;5,2761
CAMPINAS;2025-09;GASOLINA;5,282
CAMPINAS;2025-10;GASOLINA;5,2766
CAMPINAS;2025-11;GASOLINA;5,2719
CAMPINAS;2025-12;GASOLINA;5,3079
CAMPINAS;2025-01;DIESEL S10;5,534
CAMPINAS;2025-02;DIESEL S10;5,7732
CAMPINAS;2025-03;DIESEL S10;5,7058
CAMPINAS;2025-04;DIESEL S10;5,4688
CAMPINAS;2025-05;DIESEL S10;5,262
CAMPINAS;2025-06;DIESEL S10;5,2676
CAMPINAS;2025-07;DIESEL S10;5,2949
CAMPINAS;2025-08;DIESEL S10;5,3772
CAMPINAS;2025-09;DIESEL S10;5,3469
CAMPINAS;2025-10;DIESEL S10;5,3556
CAMPINAS;2025-11;DIESEL S10;5,3816
CAMPINAS;2025-12;DIESEL S10;5,3841
CARAGUATATUBA;2025-01;ETANOL;3,6292
CARAGUATATUBA;2025-02;ETANOL;3,7969
CARAGUATATUBA;2025-03;ETANOL;3,6426
CARAGUATATUBA;2025-04;ETANOL;3,5579
CARAGUATATUBA;2025-05;ETANOL;3,4802
CARAGUATATUBA;2025-06;ETANOL;3,3547
CARAGUATATUBA;2025-07;ETANOL;3,3461
CARAGUATATUBA;2025-08;ETANOL;3,4542
CARAGUATATUBA;2025-09;ETANOL;3,5869
CARAGUATATUBA;2025-10;ETANOL;3,5601
CARAGUATATUBA;2025-11;ETANOL;3,6574
CARAGUATATUBA;2025-12;ETANOL;3,7913
CARAGUATATUBA;2025-01;GASOLINA;5,3772
CARAGUATATUBA;2025-02;GASOLINA;5,473
CARAGUATATUBA;2025-03;GASOLINA;5,4172
CARAGUATATUBA;2025-04;GASOLINA;5,4032
CARAGUATATUBA;2025-05;GASOLINA;5,3749
CARAGUATATUBA;2025-06;GASOLINA;5,2957
CARAGUATATUBA;2025-07;GASOLINA;5,2819
CARAGUATATUBA;2025-08;GASOLINA;5,2882
CARAGUATATUBA;2025-09;GASOLINA;5,2764
CARAGUATATUBA;2025-10;GASOLINA;5,3019
CARAGUATATUBA;2025-11;GASOLINA;5,294
CARAGUATATUBA;2025-12;GASOLINA;5,3234
CARAGUATATUBA;2025-01;DIESEL S10;5,5857
CARAGUATATUBA;2025-02;DIESEL S10;5,8331
CARAGUATATUBA;2025-03;DIESEL S10;5,751
CARAGUATATUBA;2025-04;DIESEL S10;5,5108
CARAGUATATUBA;2025-05;DIESEL S10;5,2104
CARAGUATATUBA;2025-06;DIESEL S10;5,3332
CARAGUATATUBA;2025-07;DIESEL S10;5,3918
CARAGUATATUBA;2025-08;DIESEL S10;5,469
CARAGUATATUBA;2025-09;DIESEL S10;5,3958
CARAGUATATUBA;2025-10;DIESEL S10;5,4327
CARAGUATATUBA;2025-11;DIESEL S10;5,4858
CARAGUATATUBA;2025-12;DIESEL S10;5,4808
CARAPICUIBA;2025-01;ETANOL;3,5648
CARAPICUIBA;2025-02;ETANOL;3,6879
CARAPICUIBA;2025-03;ETANOL;3,6292
CARAPICUIBA;2025-04;ETANOL;3,5366
CARAPICUIBA;2025-05;ETANOL;3,5163
CARAPICUIBA;2025-06;ETANOL;3,3734
CARAPICUIBA;2025-07;ETANOL;3,3816
CARAPICUIBA;2025-08;ETANOL;3,4531
CARAPICUIBA;2025-09;ETANOL;3,5705
CARAPICUIBA;2025-10;ETANOL;3,5406
CARAPICUIBA;2025-11;ETANOL;3,6333
CARAPICUIBA;2025-12;ETANOL;3,7525
CARAPICUIBA;2025-01;GASOLINA;5,3882
CARAPICUIBA;2025-02;GASOLINA;5,5115
CARAPICUIBA;2025-03;GASOLINA;5,499
CARAPICUIBA;2025-04;GASOLINA;5,4695
CARAPICUIBA;2025-05;GASOLINA;5,4502
CARAPICUIBA;2025-06;GASOLINA;5,3451
CARAPICUIBA;2025-07;GASOLINA;5,3079
CARAPICUIBA;2025-08;GASOLINA;5,2994
CARAPICUIBA;2025-09;GASOLINA;5,3582
CARAPICUIBA;2025-10;GASOLINA;5,2863
CARAPICUIBA;2025-11;GASOLINA;5,2732
CARAPICUIBA;2025-12;GASOLINA;5,3248
CARAPICUIBA;2025-01;DIESEL S10;5,6302
CARAPICUIBA;2025-02;DIESEL S10;5,8489
CARAPICUIBA;2025-03;DIESEL S10;5,7445
CARAPICUIBA;2025-04;DIESEL S10;5,5166
CARAPICUIBA;2025-05;DIESEL S10;5,3091
CARAPICUIBA;2025-06;DIESEL S10;5,3587
CARAPICUIBA;2025-07;DIESEL S10;5,3923
CARAPICUIBA;2025-08;DIESEL S10;5,4718
CARAPICUIBA;2025-09;DIESEL S10;5,3979
CARAPICUIBA;2025-10;DIESEL S10;5,4221
CARAPICUIBA;2025-11;DIESEL S10;5,4607
CARAPICUIBA;2025-12;DIESEL S10;5,4727
CATANDUVA;2025-01;ETANOL;3,3811
CATANDUVA;2025-02;ETANOL;3,4673
CATANDUVA;2025-03;ETANOL;3,4385
CATANDUVA;2025-04;ETANOL;3,3589
CATANDUVA;2025-05;ETANOL;3,3222
CATANDUVA;2025-06;ETANOL;3,191
CATANDUVA;2025-07;ETANOL;3,1662
CATANDUVA;2025-08;ETANOL;3,243
CATANDUVA;2025-09;ETANOL;3,382
CATANDUVA;2025-10;ETANOL;3,3636
CATANDUVA;2025-11;ETANOL;3,4354
CATANDUVA;2025-12;ETANOL;3,582
CATANDUVA;2025-01;GASOLINA;5,3309
CATANDUVA;2025-02;GASOLINA;5,4669
CATANDUVA;2025-03;GASOLINA;5,4617
CATANDUVA;2025-04;GASOLINA;5,4355
CATANDUVA;2025-05;GASOLINA;5,402
CATANDUVA;2025-06;GASOLINA;5,3326
CATANDUVA;2025-07;GASOLINA;5,3265
CATANDUVA;2025-08;GASOLINA;5,3078
CATANDUVA;2025-09;GASOLINA;5,2751
CATANDUVA;2025-10;GASOLINA;5,2849
CATANDUVA;2025-11;GASOLINA;5,258
CATANDUVA;2025-12;GASOLINA;5,2861
CATANDUVA;2025-01;DIESEL S10;5,4908
CATANDUVA;2025-02;DIESEL S10;5,7263
CATANDUVA;2025-03;DIESEL S10;5,6709
CATANDUVA;2025-04;DIESEL S10;5,4089
CATANDUVA;2025-05;DIESEL S10;5,1808
CATANDUVA;2025-06;DIESEL S10;5,2223
CATANDUVA;2025-07;DIESEL S10;5,3348
CATANDUVA;2025-08;DIESEL S10;5,4372
CATANDUVA;2025-10;DIESEL S10;5,4146
CATANDUVA;2025-11;DIESEL S10;5,3295
CATANDUVA;2025-12;DIESEL S10;5,4132
COSMOPOLIS;2025-01;ETANOL;3,4479
COSMOPOLIS;2025-02;ETANOL;3,5514
COSMOPOLIS;2025-03;ETANOL;3,5017
COSMOPOLIS;2025-04;ETANOL;3,3978
COSMOPOLIS;2025-05;ETANOL;3,391
COSMOPOLIS;2025-06;ETANOL;3,256
COSMOPOLIS;2025-07;ETANOL;3,26
COSMOPOLIS;2025-08;ETANOL;3,3507
COSMOPOLIS;2025-09;ETANOL;3,4802
COSMOPOLIS;2025-10;ETANOL;3,437
COSMOPOLIS;2025-11;ETANOL;3,5425
COSMOPOLIS;2025-12;ETANOL;3,6642
COSMOPOLIS;2025-01;GASOLINA;5,2251
COSMOPOLIS;2025-02;GASOLINA;5,3561
COSMOPOLIS;2025-03;GASOLINA;5,3606
COSMOPOLIS;2025-04;GASOLINA;5,3002
COSMOPOLIS;2025-05;GASOLINA;5,2202
COSMOPOLIS;2025-06;GASOLINA;5,2414
COSMOPOLIS;2025-07;GASOLINA;5,2334
COSMOPOLIS;2025-08;GASOLINA;5,2093
COSMOPOLIS;2025-09;GASOLINA;5,2101
COSMOPOLIS;2025-10;GASOLINA;5,2095
COSMOPOLIS;2025-11;GASOLINA;5,2021
COSMOPOLIS;2025-12;GASOLINA;5,2239
COSMOPOLIS;2025-01;DIESEL S10;5,4203
COSMOPOLIS;2025-02;DIESEL S10;5,6299
COSMOPOLIS;2025-03;DIESEL S10;5,534
COSMOPOLIS;2025-04;DIESEL S10;5,2806
COSMOPOLIS;2025-05;DIESEL S10;5,0451
COSMOPOLIS;2025-06;DIESEL S10;5,1387
COSMOPOLIS;2025-07;DIESEL S10;5,2743
COSMOPOLIS;2025-08;DIESEL S10;5,3232
COSMOPOLIS;2025-09;DIESEL S10;5,2557
COSMOPOLIS;2025-10;DIESEL S10;5,2853
COSMOPOLIS;2025-11;DIESEL S10;5,3166
COSMOPOLIS;2025-12;DIESEL S10;5,255
COTIA;2025-01;ETANOL;3,5535
COTIA;2025-02;ETANOL;3,6865
COTIA;2025-03;ETANOL;3,6313
COTIA;2025-04;ETANOL;3,5274
COTIA;2025-05;ETANOL;3,5097
COTIA;2025-06;ETANOL;3,3686
COTIA;2025-07;ETANOL;3,3394
COTIA;2025-08;ETANOL;3,429
COTIA;2025-09;ETANOL;3,5674
COTIA;2025-10;ETANOL;3,5234
COTIA;2025-11;ETANOL;3,5922
COTIA;2025-12;ETANOL;3,7132
COTIA;2025-01;GASOLINA;5,3068
COTIA;2025-02;GASOLINA;5,4314
COTIA;2025-03;GASOLINA;5,3915
COTIA;2025-04;GASOLINA;5,3664
COTIA;2025-05;GASOLINA;5,3853
COTIA;2025-06;GASOLINA;5,2729
COTIA;2025-07;GASOLINA;5,2498
COTIA;2025-08;GASOLINA;5,245
COTIA;2025-09;GASOLINA;5,2713
COTIA;2025-10;GASOLINA;5,2295
COTIA;2025-11;GASOLINA;5,2087
COTIA;2025-12;GASOLINA;5,2488
COTIA;2025-01;DIESEL S10;5,5025
COTIA;2025-02;DIESEL S10;5,7366
COTIA;2025-03;DIESEL S10;5,6649
COTIA;2025-04;DIESEL S10;5,4277
COTIA;2025-05;DIESEL S10;5,2335
COTIA;2025-06;DIESEL S10;5,2404
COTIA;2025-07;DIESEL S10;5,3013
COTIA;2025-08;DIESEL S10;5,3913
COTIA;2025-09;DIESEL S10;5,356
COTIA;2025-10;DIESEL S10;5,3527
COTIA;2025-11;DIESEL S10;5,384
COTIA;2025-12;DIESEL S10;5,3913
CRUZEIRO;2025-01;ETANOL;3,5069
CRUZEIRO;2025-02;ETANOL;3,613
CRUZEIRO;2025-03;ETANOL;3,6018
CRUZEIRO;2025-04;ETANOL;3,5473
CRUZEIRO;2025-05;ETANOL;3,5015
CRUZEIRO;2025-06;ETANOL;3,478
CRUZEIRO;2025-07;ETANOL;3,3779
CRUZEIRO;2025-08;ETANOL;3,3924
CRUZEIRO;2025-09;ETANOL;3,4755
CRUZEIRO;2025-10;ETANOL;3,4974
CRUZEIRO;2025-11;ETANOL;3,5819
CRUZEIRO;2025-12;ETANOL;3,6933
CRUZEIRO;2025-01;GASOLINA;5,3481
CRUZEIRO;2025-02;GASOLINA;5,4835
CRUZEIRO;2025-03;GASOLINA;5,5002
CRUZEIRO;2025-04;GASOLINA;5,4815
CRUZEIRO;2025-05;GASOLINA;5,5064
CRUZEIRO;2025-06;GASOLINA;5,3535
CRUZEIRO;2025-07;GASOLINA;5,3093
CRUZEIRO;2025-08;GASOLINA;5,3016
CRUZEIRO;2025-09;GASOLINA;5,3412
CRUZEIRO;2025-10;GASOLINA;5,2877
CRUZEIRO;2025-11;GASOLINA;5,2571
CRUZEIRO;2025-12;GASOLINA;5,2916
CRUZEIRO;2025-01;DIESEL S10;5,5797
CRUZEIRO;2025-02;DIESEL S10;5,8311
CRUZEIRO;2025-03;DIESEL S10;5,7942
CRUZEIRO;2025-04;DIESEL S10;5,617
CRUZEIRO;2025-05;DIESEL S10;5,4057
CRUZEIRO;2025-06;DIESEL S10;5,3912
CRUZEIRO;2025-07;DIESEL S10;5,4212
CRUZEIRO;2025-08;DIESEL S10;5,4927
CRUZEIRO;2025-09;DIESEL S10;5,5011
CRUZEIRO;2025-10;DIESEL S10;5,4992
CRUZEIRO;2025-11;DIESEL S10;5,5234
CRUZEIRO;2025-12;DIESEL S10;5,5335
CUBATAO;2025-01;ETANOL;3,6302
CUBATAO;2025-02;ETANOL;3,748
CUBATAO;2025-03;ETANOL;3,7186
CUBATAO;2025-04;ETANOL;3,6455
CUBATAO;2025-05;ETANOL;3,5496
CUBATAO;2025-06;ETANOL;3,3301
CUBATAO;2025-07;ETANOL;3,2299
CUBATAO;2025-08;ETANOL;3,3909
CUBATAO;2025-09;ETANOL;3,5728
CUBATAO;2025-10;ETANOL;3,5593
CUBATAO;2025-11;ETANOL;3,6824
CUBATAO;2025-12;ETANOL;3,7784
CUBATAO;2025-01;GASOLINA;5,3686
CUBATAO;2025-02;GASOLINA;5,4993
CUBATAO;2025-03;GASOLINA;5,4702
CUBATAO;2025-04;GASOLINA;5,4425
CUBATAO;2025-05;GASOLINA;5,4477
CUBATAO;2025-06;GASOLINA;5,3384
CUBATAO;2025-07;GASOLINA;5,2399
CUBATAO;2025-08;GASOLINA;5,2261
CUBATAO;2025-09;GASOLINA;5,3057
CUBATAO;2025-10;GASOLINA;5,2714
CUBATAO;2025-11;GASOLINA;5,2782
CUBATAO;2025-12;GASOLINA;5,3177
CUBATAO;2025-01;DIESEL S10;5,4522
CUBATAO;2025-02;DIESEL S10;5,6781
CUBATAO;2025-03;DIESEL S10;5,6289
CUBATAO;2025-04;DIESEL S10;5,3235
CUBATAO;2025-05;DIESEL S10;5,209
CUBATAO;2025-06;DIESEL S10;5,1243
CUBATAO;2025-07;DIESEL S10;5,2455
CUBATAO;2025-08;DIESEL S10;5,3506
CUBATAO;2025-09;DIESEL S10;5,2528
CUBATAO;2025-10;DIESEL S10;5,288
CUBATAO;2025-11;DIESEL S10;5,2842
CUBATAO;2025-12;DIESEL S10;5,2836
DIADEMA;2025-01;ETANOL;3,5348
DIADEMA;2025-02;ETANOL;3,6308
DIADEMA;2025-03;ETANOL;3,5803
DIADEMA;2025-04;ETANOL;3,476
DIADEMA;2025-05;ETANOL;3,4587
DIADEMA;2025-06;ETANOL;3,3442
DIADEMA;2025-07;ETANOL;3,3325
DIADEMA;2025-08;ETANOL;3,4429
DIADEMA;2025-09;ETANOL;3,5674
DIADEMA;2025-10;ETANOL;3,5527
DIADEMA;2025-11;ETANOL;3,6346
DIADEMA;2025-12;ETANOL;3,7475
DIADEMA;2025-01;GASOLINA;5,3584
DIADEMA;2025-02;GASOLINA;5,478
DIADEMA;2025-03;GASOLINA;5,435
DIADEMA;2025-04;GASOLINA;5,3988
DIADEMA;2025-05;GASOLINA;5,3656
DIADEMA;2025-06;GASOLINA;5,2896
DIADEMA;2025-07;GASOLINA;5,2793
DIADEMA;2025-08;GASOLINA;5,2881
DIADEMA;2025-09;GASOLINA;5,2928
DIADEMA;2025-10;GASOLINA;5,285
DIADEMA;2025-11;GASOLINA;5,2703
DIADEMA;2025-12;GASOLINA;5,3087
DIADEMA;2025-01;DIESEL S10;5,5301
DIADEMA;2025-02;DIESEL S10;5,7528
DIADEMA;2025-03;DIESEL S10;5,6636
DIADEMA;2025-04;DIESEL S10;5,4075
DIADEMA;2025-05;DIESEL S10;5,1531
DIADEMA;2025-06;DIESEL S10;5,2246
DIADEMA;2025-07;DIESEL S10;5,3419
DIADEMA;2025-08;DIESEL S10;5,4313
DIADEMA;2025-09;DIESEL S10;5,3487
DIADEMA;2025-10;DIESEL S10;5,3613
DIADEMA;2025-11;DIESEL S10;5,4113
DIADEMA;2025-12;DIESEL S10;5,4241
DRACENA;2025-01;ETANOL;3,4568
DRACENA;2025-02;ETANOL;3,5323
DRACENA;2025-03;ETANOL;3,5228
DRACENA;2025-04;ETANOL;3,4211
DRACENA;2025-05;ETANOL;3,3609
DRACENA;2025-06;ETANOL;3,2274
DRACENA;2025-07;ETANOL;3,2204
DRACENA;2025-08;ETANOL;3,3127
DRACENA;2025-09;ETANOL;3,437
DRACENA;2025-10;ETANOL;3,412
DRACENA;2025-11;ETANOL;3,5046
DRACENA;2025-12;ETANOL;3,6368
DRACENA;2025-01;GASOLINA;5,5236
DRACENA;2025-02;GASOLINA;5,5636
DRACENA;2025-03;GASOLINA;5,5157
DRACENA;2025-04;GASOLINA;5,5279
DRACENA;2025-05;GASOLINA;5,4182
DRACENA;2025-06;GASOLINA;5,4007
DRACENA;2025-07;GASOLINA;5,3663
DRACENA;2025-08;GASOLINA;5,3548
DRACENA;2025-09;GASOLINA;5,3382
DRACENA;2025-10;GASOLINA;5,3725
DRACENA;2025-11;GASOLINA;5,3709
DRACENA;2025-12;GASOLINA;5,4016
DRACENA;2025-01;DIESEL S10;5,6389
DRACENA;2025-02;DIESEL S10;5,8366
DRACENA;2025-03;DIESEL S10;5,7158
DRACENA;2025-04;DIESEL S10;5,4418
DRACENA;2025-05;DIESEL S10;5,1173
DRACENA;2025-06;DIESEL S10;5,1524
DRACENA;2025-07;DIESEL S10;5,426
DRACENA;2025-08;DIESEL S10;5,5293
DRACENA;2025-09;DIESEL S10;5,4877
DRACENA;2025-10;DIESEL S10;5,4824
DRACENA;2025-11;DIESEL S10;5,5519
DRACENA;2025-12;DIESEL S10;5,5012
EMBU DAS ARTES;2025-01;ETANOL;3,5548
EMBU DAS ARTES;2025-02;ETANOL;3,7071
EMBU DAS ARTES;2025-03;ETANOL;3,6405
EMBU DAS ARTES;2025-04;ETANOL;3,5209
EMBU DAS ARTES;2025-05;ETANOL;3,5331
EMBU DAS ARTES;2025-06;ETANOL;3,3732
EMBU DAS ARTES;2025-07;ETANOL;3,3264
EMBU DAS ARTES;2025-08;ETANOL;3,4395
EMBU DAS ARTES;2025-09;ETANOL;3,5875
EMBU DAS ARTES;2025-10;ETANOL;3,5491
EMBU DAS ARTES;2025-11;ETANOL;3,6228
EMBU DAS ARTES;2025-12;ETANOL;3,7595
EMBU DAS ARTES;2025-01;GASOLINA;5,3378
EMBU DAS ARTES;2025-02;GASOLINA;5,4468
EMBU DAS ARTES;2025-03;GASOLINA;5,4558
EMBU DAS ARTES;2025-04;GASOLINA;5,3775
EMBU DAS ARTES;2025-05;GASOLINA;5,4376
EMBU DAS ARTES;2025-06;GASOLINA;5,3173
EMBU DAS ARTES;2025-07;GASOLINA;5,2854
EMBU DAS ARTES;2025-08;GASOLINA;5,2937
EMBU DAS ARTES;2025-09;GASOLINA;5,3327
EMBU DAS ARTES;2025-10;GASOLINA;5,2983
EMBU DAS ARTES;2025-11;GASOLINA;5,2709
EMBU DAS ARTES;2025-12;GASOLINA;5,3153
EMBU DAS ARTES;2025-01;DIESEL S10;5,5488
EMBU DAS ARTES;2025-02;DIESEL S10;5,8013
EMBU DAS ARTES;2025-03;DIESEL S10;5,7502
EMBU DAS ARTES;2025-04;DIESEL S10;5,5203
EMBU DAS ARTES;2025-05;DIESEL S10;5,3499
EMBU DAS ARTES;2025-06;DIESEL S10;5,3239
EMBU DAS ARTES;2025-07;DIESEL S10;5,3506
EMBU DAS ARTES;2025-08;DIESEL S10;5,3981
EMBU DAS ARTES;2025-09;DIESEL S10;5,3537
EMBU DAS ARTES;2025-10;DIESEL S10;5,3563
EMBU DAS ARTES;2025-11;DIESEL S10;5,3904
EMBU DAS ARTES;2025-12;DIESEL S10;5,4151
FRANCA;2025-01;ETANOL;3,3872
FRANCA;2025-02;ETANOL;3,4684
FRANCA;2025-03;ETANOL;3,4197
FRANCA;2025-04;ETANOL;3,3079
FRANCA;2025-05;ETANOL;3,3019
FRANCA;2025-06;ETANOL;3,1747
FRANCA;2025-07;ETANOL;3,2016
FRANCA;2025-08;ETANOL;3,3228
FRANCA;2025-09;ETANOL;3,4459
FRANCA;2025-10;ETANOL;3,4093
FRANCA;2025-11;ETANOL;3,4942
FRANCA;2025-12;ETANOL;3,6074
FRANCA;2025-01;GASOLINA;5,2528
FRANCA;2025-02;GASOLINA;5,3787
FRANCA;2025-03;GASOLINA;5,3584
FRANCA;2025-04;GASOLINA;5,3373
FRANCA;2025-05;GASOLINA;5,3047
FRANCA;2025-06;GASOLINA;5,2559
FRANCA;2025-07;GASOLINA;5,232
FRANCA;2025-08;GASOLINA;5,2057
FRANCA;2025-09;GASOLINA;5,1789
FRANCA;2025-10;GASOLINA;5,2215
FRANCA;2025-11;GASOLINA;5,1969
FRANCA;2025-12;GASOLINA;5,224
FRANCA;2025-01;DIESEL S10;5,4363
FRANCA;2025-02;DIESEL S10;5,6601
FRANCA;2025-03;DIESEL S10;5,5913
FRANCA;2025-04;DIESEL S10;5,325
FRANCA;2025-05;DIESEL S10;5,111
FRANCA;2025-06;DIESEL S10;5,1617
FRANCA;2025-07;DIESEL S10;5,2735
FRANCA;2025-08;DIESEL S10;5,3739
FRANCA;2025-09;DIESEL S10;5,3196
FRANCA;2025-10;DIESEL S10;5,3326
FRANCA;2025-11;DIESEL S10;5,3724
FRANCA;2025-12;DIESEL S10;5,3238
GARCA;2025-01;ETANOL;3,3049
GARCA;2025-02;ETANOL;3,3996
GARCA;2025-03;ETANOL;3,3602
GARCA;2025-04;ETANOL;3,269
GARCA;2025-05;ETANOL;3,2565
GARCA;2025-06;ETANOL;3,1048
GARCA;2025-07;ETANOL;3,0993
GARCA;2025-08;ETANOL;3,2239
GARCA;2025-09;ETANOL;3,3429
GARCA;2025-10;ETANOL;3,3176
GARCA;2025-11;ETANOL;3,4127
GARCA;2025-12;ETANOL;3,5616
GARCA;2025-01;GASOLINA;5,3532
GARCA;2025-02;GASOLINA;5,4132
GARCA;2025-03;GASOLINA;5,3418
GARCA;2025-04;GASOLINA;5,301
GARCA;2025-05;GASOLINA;5,2544
GARCA;2025-06;GASOLINA;5,2327
GARCA;2025-07;GASOLINA;5,2226
GARCA;2025-08;GASOLINA;5,2064
GARCA;2025-09;GASOLINA;5,1255
GARCA;2025-10;GASOLINA;5,2388
GARCA;2025-11;GASOLINA;5,2188
GARCA;2025-12;GASOLINA;5,2761
GARCA;2025-01;DIESEL S10;5,5354
GARCA;2025-02;DIESEL S10;5,7395
GARCA;2025-03;DIESEL S10;5,623
GARCA;2025-04;DIESEL S10;5,3652
GARCA;2025-05;DIESEL S10;5,1889
GARCA;2025-06;DIESEL S10;5,1817
GARCA;2025-07;DIESEL S10;5,2927
GARCA;2025-08;DIESEL S10;5,4417
GARCA;2025-09;DIESEL S10;5,3106
GARCA;2025-10;DIESEL S10;5,4086
GARCA;2025-11;DIESEL S10;5,4519
GARCA;2025-12;DIESEL S10;5,4217
GUARATINGUETA;2025-01;ETANOL;3,481
GUARATINGUETA;2025-02;ETANOL;3,5787
GUARATINGUETA;2025-03;ETANOL;3,532
GUARATINGUETA;2025-04;ETANOL;3,4224
GUARATINGUETA;2025-05;ETANOL;3,4229
GUARATINGUETA;2025-06;ETANOL;3,3052
GUARATINGUETA;2025-07;ETANOL;3,2766
GUARATINGUETA;2025-08;ETANOL;3,3725
GUARATINGUETA;2025-09;ETANOL;3,5041
GUARATINGUETA;2025-10;ETANOL;3,4859
GUARATINGUETA;2025-11;ETANOL;3,576
GUARATINGUETA;2025-12;ETANOL;3,7101
GUARATINGUETA;2025-01;GASOLINA;5,2477
GUARATINGUETA;2025-02;GASOLINA;5,3628
GUARATINGUETA;2025-03;GASOLINA;5,3439
GUARATINGUETA;2025-04;GASOLINA;5,3059
GUARATINGUETA;2025-05;GASOLINA;5,2982
GUARATINGUETA;2025-06;GASOLINA;5,2098
GUARATINGUETA;2025-07;GASOLINA;5,2093
GUARATINGUETA;2025-08;GASOLINA;5,2126
GUARATINGUETA;2025-09;GASOLINA;5,2193
GUARATINGUETA;2025-10;GASOLINA;5,2304
GUARATINGUETA;2025-11;GASOLINA;5,2106
GUARATINGUETA;2025-12;GASOLINA;5,2515
GUARATINGUETA;2025-01;DIESEL S10;5,4228
GUARATINGUETA;2025-02;DIESEL S10;5,6574
GUARATINGUETA;2025-03;DIESEL S10;5,5936
GUARATINGUETA;2025-04;DIESEL S10;5,313
GUARATINGUETA;2025-05;DIESEL S10;5,1134
GUARATINGUETA;2025-06;DIESEL S10;5,1789
GUARATINGUETA;2025-07;DIESEL S10;5,2481
GUARATINGUETA;2025-08;DIESEL S10;5,3379
GUARATINGUETA;2025-09;DIESEL S10;5,2884
GUARATINGUETA;2025-10;DIESEL S10;5,3235
GUARATINGUETA;2025-11;DIESEL S10;5,3479
GUARATINGUETA;2025-12;DIESEL S10;5,3175
GUARUJA;2025-01;ETANOL;3,4948
GUARUJA;2025-02;ETANOL;3,6043
GUARUJA;2025-03;ETANOL;3,603
GUARUJA;2025-04;ETANOL;3,503
GUARUJA;2025-05;ETANOL;3,437
GUARUJA;2025-06;ETANOL;3,3135
GUARUJA;2025-07;ETANOL;3,3087
GUARUJA;2025-08;ETANOL;3,4276
GUARUJA;2025-09;ETANOL;3,5391
GUARUJA;2025-10;ETANOL;3,5263
GUARUJA;2025-11;ETANOL;3,6087
GUARUJA;2025-12;ETANOL;3,7533
GUARUJA;2025-01;GASOLINA;5,3232
GUARUJA;2025-02;GASOLINA;5,459
GUARUJA;2025-03;GASOLINA;5,4235
GUARUJA;2025-04;GASOLINA;5,3935
GUARUJA;2025-05;GASOLINA;5,3995
GUARUJA;2025-06;GASOLINA;5,2839
GUARUJA;2025-07;GASOLINA;5,2683
GUARUJA;2025-08;GASOLINA;5,2741
GUARUJA;2025-09;GASOLINA;5,2885
GUARUJA;2025-10;GASOLINA;5,2775
GUARUJA;2025-11;GASOLINA;5,2707
GUARUJA;2025-12;GASOLINA;5,3189
GUARUJA;2025-01;DIESEL S10;5,4876
GUARUJA;2025-02;DIESEL S10;5,7377
GUARUJA;2025-03;DIESEL S10;5,6644
GUARUJA;2025-04;DIESEL S10;5,4982
GUARUJA;2025-05;DIESEL S10;5,368
GUARUJA;2025-06;DIESEL S10;5,2901
GUARUJA;2025-07;DIESEL S10;5,3053
GUARUJA;2025-08;DIESEL S10;5,3629
GUARUJA;2025-09;DIESEL S10;5,3399
GUARUJA;2025-10;DIESEL S10;5,3686
GUARUJA;2025-11;DIESEL S10;5,3958
GUARUJA;2025-12;DIESEL S10;5,4455
GUARULHOS;2025-01;ETANOL;3,5121
GUARULHOS;2025-02;ETANOL;3,6154
GUARULHOS;2025-03;ETANOL;3,5385
GUARULHOS;2025-04;ETANOL;3,4174
GUARULHOS;2025-05;ETANOL;3,4285
GUARULHOS;2025-06;ETANOL;3,2969
GUARULHOS;2025-07;ETANOL;3,2872
GUARULHOS;2025-08;ETANOL;3,3954
GUARULHOS;2025-09;ETANOL;3,5515
GUARULHOS;2025-10;ETANOL;3,496
GUARULHOS;2025-11;ETANOL;3,5806
GUARULHOS;2025-12;ETANOL;3,701
GUARULHOS;2025-01;GASOLINA;5,3101
GUARULHOS;2025-02;GASOLINA;5,4355
GUARULHOS;2025-03;GASOLINA;5,4021
GUARULHOS;2025-04;GASOLINA;5,3638
GUARULHOS;2025-05;GASOLINA;5,3451
GUARULHOS;2025-06;GASOLINA;5,2533
GUARULHOS;2025-07;GASOLINA;5,2569
GUARULHOS;2025-08;GASOLINA;5,2551
GUARULHOS;2025-09;GASOLINA;5,2642
GUARULHOS;2025-10;GASOLINA;5,2677
GUARULHOS;2025-11;GASOLINA;5,2465
GUARULHOS;2025-12;GASOLINA;5,2751
GUARULHOS;2025-01;DIESEL S10;5,4995
GUARULHOS;2025-02;DIESEL S10;5,7535
GUARULHOS;2025-03;DIESEL S10;5,6738
GUARULHOS;2025-04;DIESEL S10;5,4209
GUARULHOS;2025-05;DIESEL S10;5,2408
GUARULHOS;2025-06;DIESEL S10;5,2453
GUARULHOS;2025-07;DIESEL S10;5,3003
GUARULHOS;2025-08;DIESEL S10;5,4026
GUARULHOS;2025-09;DIESEL S10;5,3595
GUARULHOS;2025-10;DIESEL S10;5,3746
GUARULHOS;2025-11;DIESEL S10;5,3892
GUARULHOS;2025-12;DIESEL S10;5,4044
HORTOLANDIA;2025-01;ETANOL;3,5004
HORTOLANDIA;2025-02;ETANOL;3,6036
HORTOLANDIA;2025-03;ETANOL;3,5641
HORTOLANDIA;2025-04;ETANOL;3,463
HORTOLANDIA;2025-05;ETANOL;3,422
HORTOLANDIA;2025-06;ETANOL;3,3078
HORTOLANDIA;2025-07;ETANOL;3,2843
HORTOLANDIA;2025-08;ETANOL;3,3984
HORTOLANDIA;2025-09;ETANOL;3,509
HORTOLANDIA;2025-10;ETANOL;3,4843
HORTOLANDIA;2025-11;ETANOL;3,5749
HORTOLANDIA;2025-12;ETANOL;3,692
HORTOLANDIA;2025-01;GASOLINA;5,3864
HORTOLANDIA;2025-02;GASOLINA;5,4843
HORTOLANDIA;2025-03;GASOLINA;5,4298
HORTOLANDIA;2025-04;GASOLINA;5,3973
HORTOLANDIA;2025-05;GASOLINA;5,3439
HORTOLANDIA;2025-06;GASOLINA;5,2955
HORTOLANDIA;2025-07;GASOLINA;5,2853
HORTOLANDIA;2025-08;GASOLINA;5,2805
HORTOLANDIA;2025-09;GASOLINA;5,2665
HORTOLANDIA;2025-10;GASOLINA;5,2814
HORTOLANDIA;2025-11;GASOLINA;5,2659
HORTOLANDIA;2025-12;GASOLINA;5,2788
HORTOLANDIA;2025-01;DIESEL S10;5,5231
HORTOLANDIA;2025-02;DIESEL S10;5,7511
HORTOLANDIA;2025-03;DIESEL S10;5,707
HORTOLANDIA;2025-04;DIESEL S10;5,4721
HORTOLANDIA;2025-05;DIESEL S10;5,2538
HORTOLANDIA;2025-06;DIESEL S10;5,2465
HORTOLANDIA;2025-07;DIESEL S10;5,2837
HORTOLANDIA;2025-08;DIESEL S10;5,3762
HORTOLANDIA;2025-09;DIESEL S10;5,3382
HORTOLANDIA;2025-10;DIESEL S10;5,3334
HORTOLANDIA;2025-11;DIESEL S10;5,3658
HORTOLANDIA;2025-12;DIESEL S10;5,3732
IBITINGA;2025-01;ETANOL;3,4534
IBITINGA;2025-02;ETANOL;3,5201
IBITINGA;2025-03;ETANOL;3,5011
IBITINGA;2025-04;ETANOL;3,4035
IBITINGA;2025-05;ETANOL;3,3607
IBITINGA;2025-06;ETANOL;3,2666
IBITINGA;2025-07;ETANOL;3,2266
IBITINGA;2025-08;ETANOL;3,352
IBITINGA;2025-09;ETANOL;3,4647
IBITINGA;2025-10;ETANOL;3,4277
IBITINGA;2025-11;ETANOL;3,5372
IBITINGA;2025-12;ETANOL;3,7007
IBITINGA;2025-01;GASOLINA;5,404
IBITINGA;2025-02;GASOLINA;5,5197
IBITINGA;2025-03;GASOLINA;5,4835
IBITINGA;2025-04;GASOLINA;5,4399
IBITINGA;2025-05;GASOLINA;5,3968
IBITINGA;2025-06;GASOLINA;5,3644
IBITINGA;2025-07;GASOLINA;5,3457
IBITINGA;2025-08;GASOLINA;5,3043
IBITINGA;2025-09;GASOLINA;5,3092
IBITINGA;2025-10;GASOLINA;5,3349
IBITINGA;2025-11;GASOLINA;5,3337
IBITINGA;2025-12;GASOLINA;5,369
IBITINGA;2025-01;DIESEL S10;5,5259
IBITINGA;2025-02;DIESEL S10;5,7152
IBITINGA;2025-03;DIESEL S10;5,656
IBITINGA;2025-04;DIESEL S10;5,3647
IBITINGA;2025-05;DIESEL S10;5,14
IBITINGA;2025-06;DIESEL S10;5,3115
IBITINGA;2025-07;DIESEL S10;5,3367
IBITINGA;2025-08;DIESEL S10;5,4637
IBITINGA;2025-09;DIESEL S10;5,363
IBITINGA;2025-10;DIESEL S10;5,4435
IBITINGA;2025-11;DIESEL S10;5,4408
IBITINGA;2025-12;DIESEL S10;5,4163
INDAIATUBA;2025-01;ETANOL;3,4676
INDAIATUBA;2025-02;ETANOL;3,5663
INDAIATUBA;2025-03;ETANOL;3,5154
INDAIATUBA;2025-04;ETANOL;3,401
INDAIATUBA;2025-05;ETANOL;3,4011
INDAIATUBA;2025-06;ETANOL;3,2634
INDAIATUBA;2025-07;ETANOL;3,2559
INDAIATUBA;2025-08;ETANOL;3,371
INDAIATUBA;2025-09;ETANOL;3,4873
INDAIATUBA;2025-10;ETANOL;3,4475
INDAIATUBA;2025-11;ETANOL;3,5342
INDAIATUBA;2025-12;ETANOL;3,6539
INDAIATUBA;2025-01;GASOLINA;5,3294
INDAIATUBA;2025-02;GASOLINA;5,4524
INDAIATUBA;2025-03;GASOLINA;5,3946
INDAIATUBA;2025-04;GASOLINA;5,3513
INDAIATUBA;2025-05;GASOLINA;5,3406
INDAIATUBA;2025-06;GASOLINA;5,2679
INDAIATUBA;2025-07;GASOLINA;5,2607
INDAIATUBA;2025-08;GASOLINA;5,271
INDAIATUBA;2025-09;GASOLINA;5,2612
INDAIATUBA;2025-10;GASOLINA;5,2487
INDAIATUBA;2025-11;GASOLINA;5,2306
INDAIATUBA;2025-12;GASOLINA;5,2524
INDAIATUBA;2025-01;DIESEL S10;5,5385
INDAIATUBA;2025-02;DIESEL S10;5,7418
INDAIATUBA;2025-03;DIESEL S10;5,6566
INDAIATUBA;2025-04;DIESEL S10;5,4212
INDAIATUBA;2025-05;DIESEL S10;5,2195
INDAIATUBA;2025-06;DIESEL S10;5,2471
INDAIATUBA;2025-07;DIESEL S10;5,29
INDAIATUBA;2025-08;DIESEL S10;5,3874
INDAIATUBA;2025-09;DIESEL S10;5,3157
INDAIATUBA;2025-10;DIESEL S10;5,3422
INDAIATUBA;2025-11;DIESEL S10;5,3641
INDAIATUBA;2025-12;DIESEL S10;5,36
ITANHAEM;2025-01;ETANOL;3,5727
ITANHAEM;2025-02;ETANOL;3,6981
ITANHAEM;2025-03;ETANOL;3,7159
ITANHAEM;2025-04;ETANOL;3,5485
ITANHAEM;2025-05;ETANOL;3,494
ITANHAEM;2025-06;ETANOL;3,3725
ITANHAEM;2025-07;ETANOL;3,3688
ITANHAEM;2025-08;ETANOL;3,515
ITANHAEM;2025-09;ETANOL;3,7098
ITANHAEM;2025-10;ETANOL;3,5879
ITANHAEM;2025-11;ETANOL;3,6645
ITANHAEM;2025-12;ETANOL;3,8272
ITANHAEM;2025-01;GASOLINA;5,393
ITANHAEM;2025-02;GASOLINA;5,5298
ITANHAEM;2025-03;GASOLINA;5,5907
ITANHAEM;2025-04;GASOLINA;5,552
ITANHAEM;2025-05;GASOLINA;5,5728
ITANHAEM;2025-06;GASOLINA;5,4354
ITANHAEM;2025-07;GASOLINA;5,4105
ITANHAEM;2025-08;GASOLINA;5,4277
ITANHAEM;2025-09;GASOLINA;5,4462
ITANHAEM;2025-10;GASOLINA;5,3839
ITANHAEM;2025-11;GASOLINA;5,3527
ITANHAEM;2025-12;GASOLINA;5,3924
ITANHAEM;2025-01;DIESEL S10;5,5367
ITANHAEM;2025-02;DIESEL S10;5,7966
ITANHAEM;2025-03;DIESEL S10;5,7325
ITANHAEM;2025-04;DIESEL S10;5,6211
ITANHAEM;2025-05;DIESEL S10;5,4479
ITANHAEM;2025-06;DIESEL S10;5,4853
ITANHAEM;2025-07;DIESEL S10;5,5513
ITANHAEM;2025-08;DIESEL S10;5,5285
ITANHAEM;2025-09;DIESEL S10;5,5326
ITANHAEM;2025-10;DIESEL S10;5,4951
ITANHAEM;2025-11;DIESEL S10;5,5635
ITANHAEM;2025-12;DIESEL S10;5,5201
ITAPECERICA DA SERRA;2025-01;ETANOL;3,5108
ITAPECERICA DA SERRA;2025-02;ETANOL;3,5641
ITAPECERICA DA SERRA;2025-03;ETANOL;3,4952
ITAPECERICA DA SERRA;2025-04;ETANOL;3,3692
ITAPECERICA DA SERRA;2025-05;ETANOL;3,4286
ITAPECERICA DA SERRA;2025-06;ETANOL;3,2803
ITAPECERICA DA SERRA;2025-07;ETANOL;3,2575
ITAPECERICA DA SERRA;2025-08;ETANOL;3,3692
ITAPECERICA DA SERRA;2025-09;ETANOL;3,4975
ITAPECERICA DA SERRA;2025-10;ETANOL;3,4772
ITAPECERICA DA SERRA;2025-11;ETANOL;3,5654
ITAPECERICA DA SERRA;2025-12;ETANOL;3,6933
ITAPECERICA DA SERRA;2025-01;GASOLINA;5,2705
ITAPECERICA DA SERRA;2025-02;GASOLINA;5,3699
ITAPECERICA DA SERRA;2025-03;GASOLINA;5,3034
ITAPECERICA DA SERRA;2025-04;GASOLINA;5,2593
ITAPECERICA DA SERRA;2025-05;GASOLINA;5,2631
ITAPECERICA DA SERRA;2025-06;GASOLINA;5,1792
ITAPECERICA DA SERRA;2025-07;GASOLINA;5,1825
ITAPECERICA DA SERRA;2025-08;GASOLINA;5,1807
ITAPECERICA DA SERRA;2025-09;GASOLINA;5,1363
ITAPECERICA DA SERRA;2025-10;GASOLINA;5,1863
ITAPECERICA DA SERRA;2025-11;GASOLINA;5,1654
ITAPECERICA DA SERRA;2025-12;GASOLINA;5,197
ITAPECERICA DA SERRA;2025-01;DIESEL S10;5,5188
ITAPECERICA DA SERRA;2025-02;DIESEL S10;5,7465
ITAPECERICA DA SERRA;2025-03;DIESEL S10;5,6567
ITAPECERICA DA SERRA;2025-04;DIESEL S10;5,3879
ITAPECERICA DA SERRA;2025-05;DIESEL S10;5,2387
ITAPECERICA DA SERRA;2025-06;DIESEL S10;5,2322
ITAPECERICA DA SERRA;2025-07;DIESEL S10;5,2858
ITAPECERICA DA SERRA;2025-08;DIESEL S10;5,4043
ITAPECERICA DA SERRA;2025-09;DIESEL S10;5,3628
ITAPECERICA DA SERRA;2025-10;DIESEL S10;5,3716
ITAPECERICA DA SERRA;2025-11;DIESEL S10;5,4014
ITAPECERICA DA SERRA;2025-12;DIESEL S10;5,4208
ITAPEVA;2025-01;ETANOL;3,4563
ITAPEVA;2025-02;ETANOL;3,5474
ITAPEVA;2025-03;ETANOL;3,5388
ITAPEVA;2025-04;ETANOL;3,4894
ITAPEVA;2025-05;ETANOL;3,4778
ITAPEVA;2025-06;ETANOL;3,4003
ITAPEVA;2025-07;ETANOL;3,381
ITAPEVA;2025-08;ETANOL;3,4422
ITAPEVA;2025-09;ETANOL;3,5249
ITAPEVA;2025-10;ETANOL;3,4905
ITAPEVA;2025-11;ETANOL;3,5623
ITAPEVA;2025-12;ETANOL;3,7937
ITAPEVA;2025-01;GASOLINA;5,2855
ITAPEVA;2025-02;GASOLINA;5,4045
ITAPEVA;2025-03;GASOLINA;5,3662
ITAPEVA;2025-04;GASOLINA;5,3402
ITAPEVA;2025-05;GASOLINA;5,2804
ITAPEVA;2025-06;GASOLINA;5,2676
ITAPEVA;2025-07;GASOLINA;5,2248
ITAPEVA;2025-08;GASOLINA;5,2224
ITAPEVA;2025-09;GASOLINA;5,234
ITAPEVA;2025-10;GASOLINA;5,2464
ITAPEVA;2025-11;GASOLINA;5,2594
ITAPEVA;2025-12;GASOLINA;5,2931
ITAPEVA;2025-01;DIESEL S10;5,4228
ITAPEVA;2025-02;DIESEL S10;5,6932
ITAPEVA;2025-03;DIESEL S10;5,6154
ITAPEVA;2025-04;DIESEL S10;5,3535
ITAPEVA;2025-05;DIESEL S10;5,1677
ITAPEVA;2025-06;DIESEL S10;5,182
ITAPEVA;2025-07;DIESEL S10;5,2579
ITAPEVA;2025-08;DIESEL S10;5,3513
ITAPEVA;2025-09;DIESEL S10;5,3088
ITAPEVA;2025-10;DIESEL S10;5,3395
ITAPEVA;2025-11;DIESEL S10;5,355
ITAPEVA;2025-12;DIESEL S10;5,3514
ITAPOLIS;2025-01;ETANOL;3,3572
ITAPOLIS;2025-02;ETANOL;3,4176
ITAPOLIS;2025-03;ETANOL;3,3719
ITAPOLIS;2025-04;ETANOL;3,2793
ITAPOLIS;2025-05;ETANOL;3,2682
ITAPOLIS;2025-06;ETANOL;3,1307
ITAPOLIS;2025-07;ETANOL;3,1271
ITAPOLIS;2025-08;ETANOL;3,2567
ITAPOLIS;2025-09;ETANOL;3,3771
ITAPOLIS;2025-10;ETANOL;3,3307
ITAPOLIS;2025-11;ETANOL;3,4324
ITAPOLIS;2025-12;ETANOL;3,5792
ITAPOLIS;2025-01;GASOLINA;5,2581
ITAPOLIS;2025-02;GASOLINA;5,39
ITAPOLIS;2025-03;GASOLINA;5,3547
ITAPOLIS;2025-04;GASOLINA;5,3134
ITAPOLIS;2025-05;GASOLINA;5,32
ITAPOLIS;2025-06;GASOLINA;5,2498
ITAPOLIS;2025-07;GASOLINA;5,2315
ITAPOLIS;2025-08;GASOLINA;5,1903
ITAPOLIS;2025-09;GASOLINA;5,1646
ITAPOLIS;2025-10;GASOLINA;5,1982
ITAPOLIS;2025-11;GASOLINA;5,1688
ITAPOLIS;2025-12;GASOLINA;5,1913
ITAPOLIS;2025-01;DIESEL S10;5,4386
ITAPOLIS;2025-02;DIESEL S10;5,6552
ITAPOLIS;2025-03;DIESEL S10;5,5828
ITAPOLIS;2025-04;DIESEL S10;5,2886
ITAPOLIS;2025-05;DIESEL S10;5,0986
ITAPOLIS;2025-06;DIESEL S10;5,185
ITAPOLIS;2025-07;DIESEL S10;5,2722
ITAPOLIS;2025-08;DIESEL S10;5,3867
ITAPOLIS;2025-09;DIESEL S10;5,3236
ITAPOLIS;2025-10;DIESEL S10;5,3433
ITAPOLIS;2025-11;DIESEL S10;5,3694
ITAPOLIS;2025-12;DIESEL S10;5,3721
ITAQUAQUECETUBA;2025-01;ETANOL;3,5339
ITAQUAQUECETUBA;2025-02;ETANOL;3,5945
ITAQUAQUECETUBA;2025-03;ETANOL;3,5722
ITAQUAQUECETUBA;2025-04;ETANOL;3,4431
ITAQUAQUECETUBA;2025-05;ETANOL;3,4162
ITAQUAQUECETUBA;2025-06;ETANOL;3,3078
ITAQUAQUECETUBA;2025-07;ETANOL;3,295
ITAQUAQUECETUBA;2025-08;ETANOL;3,407
ITAQUAQUECETUBA;2025-09;ETANOL;3,5359
ITAQUAQUECETUBA;2025-10;ETANOL;3,5217
ITAQUAQUECETUBA;2025-11;ETANOL;3,5789
ITAQUAQUECETUBA;2025-12;ETANOL;3,7138
ITAQUAQUECETUBA;2025-01;GASOLINA;5,3138
ITAQUAQUECETUBA;2025-02;GASOLINA;5,4251
ITAQUAQUECETUBA;2025-03;GASOLINA;5,3805
ITAQUAQUECETUBA;2025-04;GASOLINA;5,3315
ITAQUAQUECETUBA;2025-05;GASOLINA;5,2949
ITAQUAQUECETUBA;2025-06;GASOLINA;5,2437
ITAQUAQUECETUBA;2025-07;GASOLINA;5,2398
ITAQUAQUECETUBA;2025-08;GASOLINA;5,2319
ITAQUAQUECETUBA;2025-09;GASOLINA;5,2478
ITAQUAQUECETUBA;2025-10;GASOLINA;5,2486
ITAQUAQUECETUBA;2025-11;GASOLINA;5,2222
ITAQUAQUECETUBA;2025-12;GASOLINA;5,2527
ITAQUAQUECETUBA;2025-01;DIESEL S10;5,5135
ITAQUAQUECETUBA;2025-02;DIESEL S10;5,7364
ITAQUAQUECETUBA;2025-03;DIESEL S10;5,7069
ITAQUAQUECETUBA;2025-04;DIESEL S10;5,4926
ITAQUAQUECETUBA;2025-05;DIESEL S10;5,1783
ITAQUAQUECETUBA;2025-06;DIESEL S10;5,2747
ITAQUAQUECETUBA;2025-07;DIESEL S10;5,3025
ITAQUAQUECETUBA;2025-08;DIESEL S10;5,3886
ITAQUAQUECETUBA;2025-09;DIESEL S10;5,3465
ITAQUAQUECETUBA;2025-10;DIESEL S10;5,3663
ITAQUAQUECETUBA;2025-11;DIESEL S10;5,386
ITAQUAQUECETUBA;2025-12;DIESEL S10;5,3847
ITU;2025-01;ETANOL;3,5045
ITU;2025-02;ETANOL;3,5919
ITU;2025-03;ETANOL;3,5859
ITU;2025-04;ETANOL;3,4696
ITU;2025-05;ETANOL;3,4275
ITU;2025-06;ETANOL;3,3214
ITU;2025-07;ETANOL;3,3139
ITU;2025-08;ETANOL;3,4126
ITU;2025-09;ETANOL;3,5414
ITU;2025-10;ETANOL;3,4901
ITU;2025-11;ETANOL;3,5751
ITU;2025-12;ETANOL;3,6975
ITU;2025-01;GASOLINA;5,3634
ITU;2025-02;GASOLINA;5,4805
ITU;2025-03;GASOLINA;5,4463
ITU;2025-04;GASOLINA;5,401
ITU;2025-05;GASOLINA;5,3746
ITU;2025-06;GASOLINA;5,2822
ITU;2025-07;GASOLINA;5,2848
ITU;2025-08;GASOLINA;5,2805
ITU;2025-09;GASOLINA;5,3505
ITU;2025-10;GASOLINA;5,2837
ITU;2025-11;GASOLINA;5,2618
ITU;2025-12;GASOLINA;5,2916
ITU;2025-01;DIESEL S10;5,538
ITU;2025-02;DIESEL S10;5,7781
ITU;2025-03;DIESEL S10;5,7074
ITU;2025-04;DIESEL S10;5,4629
ITU;2025-05;DIESEL S10;5,2074
ITU;2025-06;DIESEL S10;5,1861
ITU;2025-07;DIESEL S10;5,2412
ITU;2025-08;DIESEL S10;5,3095
ITU;2025-09;DIESEL S10;5,3107
ITU;2025-10;DIESEL S10;5,3093
ITU;2025-11;DIESEL S10;5,3351
ITU;2025-12;DIESEL S10;5,3481
JABOTICABAL;2025-01;ETANOL;3,4062
JABOTICABAL;2025-02;ETANOL;3,4737
JABOTICABAL;2025-03;ETANOL;3,4231
JABOTICABAL;2025-04;ETANOL;3,3701
JABOTICABAL;2025-05;ETANOL;3,337
JABOTICABAL;2025-06;ETANOL;3,205
JABOTICABAL;2025-07;ETANOL;3,1881
JABOTICABAL;2025-08;ETANOL;3,3311
JABOTICABAL;2025-09;ETANOL;3,4233
JABOTICABAL;2025-10;ETANOL;3,3898
JABOTICABAL;2025-11;ETANOL;3,4759
JABOTICABAL;2025-12;ETANOL;3,6315
JABOTICABAL;2025-01;GASOLINA;5,2969
JABOTICABAL;2025-02;GASOLINA;5,441
JABOTICABAL;2025-03;GASOLINA;5,3799
JABOTICABAL;2025-04;GASOLINA;5,3613
JABOTICABAL;2025-05;GASOLINA;5,3344
JABOTICABAL;2025-06;GASOLINA;5,2858
JABOTICABAL;2025-07;GASOLINA;5,2573
JABOTICABAL;2025-08;GASOLINA;5,2222
JABOTICABAL;2025-09;GASOLINA;5,1936
JABOTICABAL;2025-10;GASOLINA;5,2399
JABOTICABAL;2025-11;GASOLINA;5,2355
JABOTICABAL;2025-12;GASOLINA;5,2663
JABOTICABAL;2025-01;DIESEL S10;5,4758
JABOTICABAL;2025-02;DIESEL S10;5,7088
JABOTICABAL;2025-03;DIESEL S10;5,6242
JABOTICABAL;2025-04;DIESEL S10;5,3742
JABOTICABAL;2025-05;DIESEL S10;5,1665
JABOTICABAL;2025-06;DIESEL S10;5,2181
JABOTICABAL;2025-07;DIESEL S10;5,3214
JABOTICABAL;2025-08;DIESEL S10;5,4287
JABOTICABAL;2025-09;DIESEL S10;5,3358
JABOTICABAL;2025-10;DIESEL S10;5,348
JABOTICABAL;2025-11;DIESEL S10;5,4008
JABOTICABAL;2025-12;DIESEL S10;5,3861
JACAREI;2025-01;ETANOL;3,5089
JACAREI;2025-02;ETANOL;3,6195
JACAREI;2025-03;ETANOL;3,587
JACAREI;2025-04;ETANOL;3,4962
JACAREI;2025-05;ETANOL;3,5035
JACAREI;2025-06;ETANOL;3,3836
JACAREI;2025-07;ETANOL;3,356
JACAREI;2025-08;ETANOL;3,4178
JACAREI;2025-09;ETANOL;3,5311
JACAREI;2025-10;ETANOL;3,5188
JACAREI;2025-11;ETANOL;3,5927
JACAREI;2025-12;ETANOL;3,7203
JACAREI;2025-01;GASOLINA;5,3014
JACAREI;2025-02;GASOLINA;5,4349
JACAREI;2025-03;GASOLINA;5,4181
JACAREI;2025-04;GASOLINA;5,3722
JACAREI;2025-05;GASOLINA;5,3829
JACAREI;2025-06;GASOLINA;5,2789
JACAREI;2025-07;GASOLINA;5,2602
JACAREI;2025-08;GASOLINA;5,2655
JACAREI;2025-09;GASOLINA;5,2694
JACAREI;2025-10;GASOLINA;5,2571
JACAREI;2025-11;GASOLINA;5,2304
JACAREI;2025-12;GASOLINA;5,2565
JACAREI;2025-01;DIESEL S10;5,5113
JACAREI;2025-02;DIESEL S10;5,7562
JACAREI;2025-03;DIESEL S10;5,7179
JACAREI;2025-04;DIESEL S10;5,5182
JACAREI;2025-05;DIESEL S10;5,3439
JACAREI;2025-06;DIESEL S10;5,3084
JACAREI;2025-07;DIESEL S10;5,3331
JACAREI;2025-08;DIESEL S10;5,4145
JACAREI;2025-09;DIESEL S10;5,4126
JACAREI;2025-10;DIESEL S10;5,4154
JACAREI;2025-11;DIESEL S10;5,4258
JACAREI;2025-12;DIESEL S10;5,4378
JALES;2025-01;ETANOL;3,3719
JALES;2025-02;ETANOL;3,4604
JALES;2025-03;ETANOL;3,4183
JALES;2025-04;ETANOL;3,3358
JALES;2025-05;ETANOL;3,295
JALES;2025-06;ETANOL;3,1685
JALES;2025-07;ETANOL;3,1253
JALES;2025-08;ETANOL;3,2286
JALES;2025-09;ETANOL;3,3519
JALES;2025-10;ETANOL;3,3377
JALES;2025-11;ETANOL;3,42
JALES;2025-12;ETANOL;3,5635
JALES;2025-01;GASOLINA;5,3415
JALES;2025-02;GASOLINA;5,4894
JALES;2025-03;GASOLINA;5,4589
JALES;2025-04;GASOLINA;5,4075
JALES;2025-05;GASOLINA;5,3827
JALES;2025-06;GASOLINA;5,3062
JALES;2025-07;GASOLINA;5,2905
JALES;2025-08;GASOLINA;5,245
JALES;2025-09;GASOLINA;5,2113
JALES;2025-10;GASOLINA;5,2598
JALES;2025-11;GASOLINA;5,259
JALES;2025-12;GASOLINA;5,3051
JALES;2025-01;DIESEL S10;5,5705
JALES;2025-02;DIESEL S10;5,7514
JALES;2025-03;DIESEL S10;5,6585
JALES;2025-04;DIESEL S10;5,392
JALES;2025-05;DIESEL S10;5,196
JALES;2025-06;DIESEL S10;5,2493
JALES;2025-07;DIESEL S10;5,3259
JALES;2025-08;DIESEL S10;5,4389
JALES;2025-09;DIESEL S10;5,3184
JALES;2025-10;DIESEL S10;5,4391
JALES;2025-11;DIESEL S10;5,4946
JALES;2025-12;DIESEL S10;5,4544
JAU;2025-01;ETANOL;3,3701
JAU;2025-02;ETANOL;3,4589
JAU;2025-03;ETANOL;3,4426
JAU;2025-04;ETANOL;3,3441
JAU;2025-05;ETANOL;3,3225
JAU;2025-06;ETANOL;3,1949
JAU;2025-07;ETANOL;3,1898
JAU;2025-08;ETANOL;3,299
JAU;2025-09;ETANOL;3,4274
JAU;2025-10;ETANOL;3,3908
JAU;2025-11;ETANOL;3,4878
JAU;2025-12;ETANOL;3,6234
JAU;2025-01;GASOLINA;5,2775
JAU;2025-02;GASOLINA;5,4138
JAU;2025-03;GASOLINA;5,375
JAU;2025-04;GASOLINA;5,3311
JAU;2025-05;GASOLINA;5,2903
JAU;2025-06;GASOLINA;5,244
JAU;2025-07;GASOLINA;5,2553
JAU;2025-08;GASOLINA;5,2448
JAU;2025-09;GASOLINA;5,2063
JAU;2025-10;GASOLINA;5,2479
JAU;2025-11;GASOLINA;5,2573
JAU;2025-12;GASOLINA;5,3158
JAU;2025-01;DIESEL S10;5,4758
JAU;2025-02;DIESEL S10;5,7634
JAU;2025-03;DIESEL S10;5,6702
JAU;2025-04;DIESEL S10;5,4131
JAU;2025-05;DIESEL S10;5,1769
JAU;2025-06;DIESEL S10;5,2127
JAU;2025-07;DIESEL S10;5,3209
JAU;2025-08;DIESEL S10;5,4181
JAU;2025-09;DIESEL S10;5,3448
JAU;2025-10;DIESEL S10;5,3932
JAU;2025-11;DIESEL S10;5,4308
JAU;2025-12;DIESEL S10;5,4194
JOSE BONIFACIO;2025-01;ETANOL;3,4085
JOSE BONIFACIO;2025-02;ETANOL;3,4917
JOSE BONIFACIO;2025-03;ETANOL;3,4597
JOSE BONIFACIO;2025-04;ETANOL;3,3774
JOSE BONIFACIO;2025-05;ETANOL;3,3663
JOSE BONIFACIO;2025-06;ETANOL;3,2236
JOSE BONIFACIO;2025-07;ETANOL;3,2021
JOSE BONIFACIO;2025-08;ETANOL;3,3189
JOSE BONIFACIO;2025-09;ETANOL;3,4371
JOSE BONIFACIO;2025-10;ETANOL;3,4043
JOSE BONIFACIO;2025-11;ETANOL;3,4918
JOSE BONIFACIO;2025-12;ETANOL;3,6188
JOSE BONIFACIO;2025-01;GASOLINA;5,35
JOSE BONIFACIO;2025-02;GASOLINA;5,486
JOSE BONIFACIO;2025-03;GASOLINA;5,4711
JOSE BONIFACIO;2025-04;GASOLINA;5,4561
JOSE BONIFACIO;2025-05;GASOLINA;5,3999
JOSE BONIFACIO;2025-06;GASOLINA;5,3747
JOSE BONIFACIO;2025-07;GASOLINA;5,3417
JOSE BONIFACIO;2025-08;GASOLINA;5,3322
JOSE BONIFACIO;2025-09;GASOLINA;5,296
JOSE BONIFACIO;2025-10;GASOLINA;5,3212
JOSE BONIFACIO;2025-11;GASOLINA;5,3101
JOSE BONIFACIO;2025-12;GASOLINA;5,3403
JOSE BONIFACIO;2025-01;DIESEL S10;5,5586
JOSE BONIFACIO;2025-02;DIESEL S10;5,7934
JOSE BONIFACIO;2025-03;DIESEL S10;5,7172
JOSE BONIFACIO;2025-04;DIESEL S10;5,4427
JOSE BONIFACIO;2025-05;DIESEL S10;5,2442
JOSE BONIFACIO;2025-06;DIESEL S10;5,2532
JOSE BONIFACIO;2025-07;DIESEL S10;5,3592
JOSE BONIFACIO;2025-08;DIESEL S10;5,5192
JOSE BONIFACIO;2025-09;DIESEL S10;5,442
JOSE BONIFACIO;2025-10;DIESEL S10;5,429
JOSE BONIFACIO;2025-11;DIESEL S10;5,4743
JOSE BONIFACIO;2025-12;DIESEL S10;5,4532
JUNDIAI;2025-01;ETANOL;3,5078
JUNDIAI;2025-02;ETANOL;3,6212
JUNDIAI;2025-03;ETANOL;3,5704
JUNDIAI;2025-04;ETANOL;3,4577
JUNDIAI;2025-05;ETANOL;3,4317
JUNDIAI;2025-06;ETANOL;3,3175
JUNDIAI;2025-07;ETANOL;3,3072
JUNDIAI;2025-08;ETANOL;3,4181
JUNDIAI;2025-09;ETANOL;3,5577
JUNDIAI;2025-10;ETANOL;3,5101
JUNDIAI;2025-11;ETANOL;3,5983
JUNDIAI;2025-12;ETANOL;3,7284
JUNDIAI;2025-01;GASOLINA;5,3346
JUNDIAI;2025-02;GASOLINA;5,4861
JUNDIAI;2025-03;GASOLINA;5,4283
JUNDIAI;2025-04;GASOLINA;5,3905
JUNDIAI;2025-05;GASOLINA;5,3653
JUNDIAI;2025-06;GASOLINA;5,2998
JUNDIAI;2025-07;GASOLINA;5,295
JUNDIAI;2025-08;GASOLINA;5,3018
JUNDIAI;2025-09;GASOLINA;5,2983
JUNDIAI;2025-10;GASOLINA;5,2959
JUNDIAI;2025-11;GASOLINA;5,2782
JUNDIAI;2025-12;GASOLINA;5,309
JUNDIAI;2025-01;DIESEL S10;5,4599
JUNDIAI;2025-02;DIESEL S10;5,697
JUNDIAI;2025-03;DIESEL S10;5,5557
JUNDIAI;2025-04;DIESEL S10;5,3756
JUNDIAI;2025-05;DIESEL S10;5,162
JUNDIAI;2025-06;DIESEL S10;5,2001
JUNDIAI;2025-07;DIESEL S10;5,2998
JUNDIAI;2025-08;DIESEL S10;5,3734
JUNDIAI;2025-09;DIESEL S10;5,3173
JUNDIAI;2025-10;DIESEL S10;5,3346
JUNDIAI;2025-11;DIESEL S10;5,3765
JUNDIAI;2025-12;DIESEL S10;5,3267
LEME;2025-01;ETANOL;3,489
LEME;2025-02;ETANOL;3,5606
LEME;2025-03;ETANOL;3,5338
LEME;2025-04;ETANOL;3,4356
LEME;2025-05;ETANOL;3,3929
LEME;2025-06;ETANOL;3,2708
LEME;2025-07;ETANOL;3,2742
LEME;2025-08;ETANOL;3,3869
LEME;2025-09;ETANOL;3,5044
LEME;2025-10;ETANOL;3,4752
LEME;2025-11;ETANOL;3,559
LEME;2025-12;ETANOL;3,6919
LEME;2025-01;GASOLINA;5,2936
LEME;2025-02;GASOLINA;5,4305
LEME;2025-03;GASOLINA;5,3768
LEME;2025-04;GASOLINA;5,3391
LEME;2025-05;GASOLINA;5,2835
LEME;2025-06;GASOLINA;5,2506
LEME;2025-07;GASOLINA;5,2377
LEME;2025-08;GASOLINA;5,2332
LEME;2025-09;GASOLINA;5,2046
LEME;2025-10;GASOLINA;5,2235
LEME;2025-11;GASOLINA;5,2068
LEME;2025-12;GASOLINA;5,2269
LEME;2025-01;DIESEL S10;5,5018
LEME;2025-02;DIESEL S10;5,7321
LEME;2025-03;DIESEL S10;5,6538
LEME;2025-04;DIESEL S10;5,3777
LEME;2025-05;DIESEL S10;5,1548
LEME;2025-06;DIESEL S10;5,1526
LEME;2025-07;DIESEL S10;5,2576
LEME;2025-08;DIESEL S10;5,3662
LEME;2025-09;DIESEL S10;5,334
LEME;2025-10;DIESEL S10;5,3303
LEME;2025-11;DIESEL S10;5,3651
LEME;2025-12;DIESEL S10;5,36
LIMEIRA;2025-01;ETANOL;3,4615
LIMEIRA;2025-02;ETANOL;3,5608
LIMEIRA;2025-03;ETANOL;3,5326
LIMEIRA;2025-04;ETANOL;3,4348
LIMEIRA;2025-05;ETANOL;3,389
LIMEIRA;2025-06;ETANOL;3,2689
LIMEIRA;2025-07;ETANOL;3,2461
LIMEIRA;2025-08;ETANOL;3,3679
LIMEIRA;2025-09;ETANOL;3,4679
LIMEIRA;2025-10;ETANOL;3,443
LIMEIRA;2025-11;ETANOL;3,5339
LIMEIRA;2025-12;ETANOL;3,6586
LIMEIRA;2025-01;GASOLINA;5,3165
LIMEIRA;2025-02;GASOLINA;5,4377
LIMEIRA;2025-03;GASOLINA;5,3896
LIMEIRA;2025-04;GASOLINA;5,3515
LIMEIRA;2025-05;GASOLINA;5,3093
LIMEIRA;2025-06;GASOLINA;5,2625
LIMEIRA;2025-07;GASOLINA;5,2427
LIMEIRA;2025-08;GASOLINA;5,2349
LIMEIRA;2025-09;GASOLINA;5,2348
LIMEIRA;2025-10;GASOLINA;5,2376
LIMEIRA;2025-11;GASOLINA;5,2348
LIMEIRA;2025-12;GASOLINA;5,2513
LIMEIRA;2025-01;DIESEL S10;5,4979
LIMEIRA;2025-02;DIESEL S10;5,7344
LIMEIRA;2025-03;DIESEL S10;5,6279
LIMEIRA;2025-04;DIESEL S10;5,3395
LIMEIRA;2025-05;DIESEL S10;5,1528
LIMEIRA;2025-06;DIESEL S10;5,1663
LIMEIRA;2025-07;DIESEL S10;5,2494
LIMEIRA;2025-08;DIESEL S10;5,3353
LIMEIRA;2025-09;DIESEL S10;5,2817
LIMEIRA;2025-10;DIESEL S10;5,3066
LIMEIRA;2025-11;DIESEL S10;5,349
LIMEIRA;2025-12;DIESEL S10;5,3235
LINS;2025-01;ETANOL;3,2891
LINS;2025-02;ETANOL;3,3815
LINS;2025-03;ETANOL;3,3308
LINS;2025-04;ETANOL;3,2379
LINS;2025-05;ETANOL;3,1779
LINS;2025-06;ETANOL;3,1009
LINS;2025-07;ETANOL;3,0781
LINS;2025-08;ETANOL;3,1469
LINS;2025-09;ETANOL;3,2785
LINS;2025-10;ETANOL;3,2422
LINS;2025-11;ETANOL;3,4106
LINS;2025-12;ETANOL;3,5652
LINS;2025-01;GASOLINA;5,3999
LINS;2025-02;GASOLINA;5,4261
LINS;2025-03;GASOLINA;5,3558
LINS;2025-04;GASOLINA;5,3236
LINS;2025-05;GASOLINA;5,2314
LINS;2025-06;GASOLINA;5,2455
LINS;2025-07;GASOLINA;5,2601
LINS;2025-08;GASOLINA;5,2224
LINS;2025-09;GASOLINA;5,1982
LINS;2025-10;GASOLINA;5,2204
LINS;2025-11;GASOLINA;5,2515
LINS;2025-12;GASOLINA;5,3126
LINS;2025-01;DIESEL S10;5,5631
LINS;2025-02;DIESEL S10;5,7735
LINS;2025-03;DIESEL S10;5,6572
LINS;2025-04;DIESEL S10;5,3622
LINS;2025-05;DIESEL S10;5,1623
LINS;2025-06;DIESEL S10;5,198
LINS;2025-07;DIESEL S10;5,316
LINS;2025-08;DIESEL S10;5,4515
LINS;2025-09;DIESEL S10;5,3444
LINS;2025-10;DIESEL S10;5,3676
LINS;2025-11;DIESEL S10;5,4124
LINS;2025-12;DIESEL S10;5,3949
LORENA;2025-01;ETANOL;3,4797
LORENA;2025-02;ETANOL;3,5726
LORENA;2025-03;ETANOL;3,5306
LORENA;2025-04;ETANOL;3,4159
LORENA;2025-05;ETANOL;3,4088
LORENA;2025-06;ETANOL;3,3264
LORENA;2025-07;ETANOL;3,3049
LORENA;2025-08;ETANOL;3,4079
LORENA;2025-09;ETANOL;3,5304
LORENA;2025-10;ETANOL;3,5056
LORENA;2025-11;ETANOL;3,5655
LORENA;2025-12;ETANOL;3,7127
LORENA;2025-01;GASOLINA;5,3456
LORENA;2025-02;GASOLINA;5,4252
LORENA;2025-03;GASOLINA;5,4245
LORENA;2025-04;GASOLINA;5,3935
LORENA;2025-05;GASOLINA;5,3952
LORENA;2025-06;GASOLINA;5,2923
LORENA;2025-07;GASOLINA;5,2617
LORENA;2025-08;GASOLINA;5,2878
LORENA;2025-09;GASOLINA;5,3011
LORENA;2025-10;GASOLINA;5,2841
LORENA;2025-11;GASOLINA;5,2385
LORENA;2025-12;GASOLINA;5,2776
LORENA;2025-01;DIESEL S10;5,4575
LORENA;2025-02;DIESEL S10;5,709
LORENA;2025-03;DIESEL S10;5,6584
LORENA;2025-04;DIESEL S10;5,4042
LORENA;2025-05;DIESEL S10;5,1801
LORENA;2025-06;DIESEL S10;5,1984
LORENA;2025-07;DIESEL S10;5,239
LORENA;2025-08;DIESEL S10;5,3358
LORENA;2025-09;DIESEL S10;5,3345
LORENA;2025-10;DIESEL S10;5,3105
LORENA;2025-11;DIESEL S10;5,2998
LORENA;2025-12;DIESEL S10;5,3323
MARILIA;2025-01;ETANOL;3,3597
MARILIA;2025-02;ETANOL;3,4591
MARILIA;2025-03;ETANOL;3,4104
MARILIA;2025-04;ETANOL;3,3371
MARILIA;2025-05;ETANOL;3,2935
MARILIA;2025-06;ETANOL;3,1908
MARILIA;2025-07;ETANOL;3,2146
MARILIA;2025-08;ETANOL;3,3211
MARILIA;2025-09;ETANOL;3,4303
MARILIA;2025-10;ETANOL;3,4007
MARILIA;2025-11;ETANOL;3,4951
MARILIA;2025-12;ETANOL;3,6307
MARILIA;2025-01;GASOLINA;5,3657
MARILIA;2025-02;GASOLINA;5,4516
MARILIA;2025-03;GASOLINA;5,4124
MARILIA;2025-04;GASOLINA;5,3735
MARILIA;2025-05;GASOLINA;5,3183
MARILIA;2025-06;GASOLINA;5,2596
MARILIA;2025-07;GASOLINA;5,3036
MARILIA;2025-08;GASOLINA;5,2912
MARILIA;2025-09;GASOLINA;5,2297
MARILIA;2025-10;GASOLINA;5,2743
MARILIA;2025-11;GASOLINA;5,2824
MARILIA;2025-12;GASOLINA;5,3225
MARILIA;2025-01;DIESEL S10;5,5777
MARILIA;2025-02;DIESEL S10;5,8042
MARILIA;2025-03;DIESEL S10;5,7237
MARILIA;2025-04;DIESEL S10;5,4932
MARILIA;2025-05;DIESEL S10;5,2946
MARILIA;2025-06;DIESEL S10;5,2689
MARILIA;2025-07;DIESEL S10;5,307
MARILIA;2025-08;DIESEL S10;5,406
MARILIA;2025-09;DIESEL S10;5,3819
MARILIA;2025-10;DIESEL S10;5,3897
MARILIA;2025-11;DIESEL S10;5,4003
MARILIA;2025-12;DIESEL S10;5,4011
MATAO;2025-01;ETANOL;3,3517
MATAO;2025-02;ETANOL;3,4415
MATAO;2025-03;ETANOL;3,384
MATAO;2025-04;ETANOL;3,3072
MATAO;2025-05;ETANOL;3,291
MATAO;2025-06;ETANOL;3,2095
MATAO;2025-07;ETANOL;3,2206
MATAO;2025-08;ETANOL;3,3405
MATAO;2025-09;ETANOL;3,4523
MATAO;2025-10;ETANOL;3,4024
MATAO;2025-11;ETANOL;3,4816
MATAO;2025-12;ETANOL;3,6018
MATAO;2025-01;GASOLINA;5,2371
MATAO;2025-02;GASOLINA;5,3949
MATAO;2025-03;GASOLINA;5,3915
MATAO;2025-04;GASOLINA;5,3643
MATAO;2025-05;GASOLINA;5,3015
MATAO;2025-06;GASOLINA;5,2782
MATAO;2025-07;GASOLINA;5,2868
MATAO;2025-08;GASOLINA;5,251
MATAO;2025-09;GASOLINA;5,2458
MATAO;2025-10;GASOLINA;5,27
MATAO;2025-11;GASOLINA;5,2119
MATAO;2025-12;GASOLINA;5,2427
MATAO;2025-01;DIESEL S10;5,4899
MATAO;2025-02;DIESEL S10;5,7123
MATAO;2025-03;DIESEL S10;5,6393
MATAO;2025-04;DIESEL S10;5,401
MATAO;2025-05;DIESEL S10;5,2021
MATAO;2025-06;DIESEL S10;5,2096
MATAO;2025-07;DIESEL S10;5,306
MATAO;2025-08;DIESEL S10;5,3773
MATAO;2025-09;DIESEL S10;5,3619
MATAO;2025-10;DIESEL S10;5,3893
MATAO;2025-11;DIESEL S10;5,4102
MATAO;2025-12;DIESEL S10;5,4082
MAUA;2025-01;ETANOL;3,5188
MAUA;2025-02;ETANOL;3,592
MAUA;2025-03;ETANOL;3,5701
MAUA;2025-04;ETANOL;3,4543
MAUA;2025-05;ETANOL;3,4501
MAUA;2025-06;ETANOL;3,313
MAUA;2025-07;ETANOL;3,2856
MAUA;2025-08;ETANOL;3,3902
MAUA;2025-09;ETANOL;3,5303
MAUA;2025-10;ETANOL;3,4966
MAUA;2025-11;ETANOL;3,5773
MAUA;2025-12;ETANOL;3,6979
MAUA;2025-01;GASOLINA;5,3059
MAUA;2025-02;GASOLINA;5,4121
MAUA;2025-03;GASOLINA;5,388
MAUA;2025-04;GASOLINA;5,3614
MAUA;2025-05;GASOLINA;5,3526
MAUA;2025-06;GASOLINA;5,2419
MAUA;2025-07;GASOLINA;5,2428
MAUA;2025-08;GASOLINA;5,2484
MAUA;2025-09;GASOLINA;5,2558
MAUA;2025-10;GASOLINA;5,2547
MAUA;2025-11;GASOLINA;5,2306
MAUA;2025-12;GASOLINA;5,2582
MAUA;2025-01;DIESEL S10;5,4994
MAUA;2025-02;DIESEL S10;5,7404
MAUA;2025-03;DIESEL S10;5,6829
MAUA;2025-04;DIESEL S10;5,4336
MAUA;2025-05;DIESEL S10;5,2523
MAUA;2025-06;DIESEL S10;5,2388
MAUA;2025-07;DIESEL S10;5,3095
MAUA;2025-08;DIESEL S10;5,4055
MAUA;2025-09;DIESEL S10;5,3512
MAUA;2025-10;DIESEL S10;5,3485
MAUA;2025-11;DIESEL S10;5,3953
MAUA;2025-12;DIESEL S10;5,3864
MIRASSOL;2025-01;ETANOL;3,3535
MIRASSOL;2025-02;ETANOL;3,4455
MIRASSOL;2025-03;ETANOL;3,4079
MIRASSOL;2025-04;ETANOL;3,3428
MIRASSOL;2025-05;ETANOL;3,3027
MIRASSOL;2025-06;ETANOL;3,1728
MIRASSOL;2025-07;ETANOL;3,1496
MIRASSOL;2025-08;ETANOL;3,2508
MIRASSOL;2025-09;ETANOL;3,4023
MIRASSOL;2025-10;ETANOL;3,3535
MIRASSOL;2025-11;ETANOL;3,4457
MIRASSOL;2025-12;ETANOL;3,667
MIRASSOL;2025-01;GASOLINA;5,3281
MIRASSOL;2025-02;GASOLINA;5,4613
MIRASSOL;2025-03;GASOLINA;5,4158
MIRASSOL;2025-04;GASOLINA;5,3847
MIRASSOL;2025-05;GASOLINA;5,3315
MIRASSOL;2025-06;GASOLINA;5,3092
MIRASSOL;2025-07;GASOLINA;5,3027
MIRASSOL;2025-08;GASOLINA;5,2832
MIRASSOL;2025-09;GASOLINA;5,2273
MIRASSOL;2025-10;GASOLINA;5,2866
MIRASSOL;2025-11;GASOLINA;5,2477
MIRASSOL;2025-12;GASOLINA;5,3012
MIRASSOL;2025-01;DIESEL S10;5,5552
MIRASSOL;2025-02;DIESEL S10;5,7731
MIRASSOL;2025-03;DIESEL S10;5,7017
MIRASSOL;2025-04;DIESEL S10;5,4538
MIRASSOL;2025-05;DIESEL S10;5,2309
MIRASSOL;2025-06;DIESEL S10;5,2507
MIRASSOL;2025-07;DIESEL S10;5,3363
MIRASSOL;2025-08;DIESEL S10;5,4524
MIRASSOL;2025-09;DIESEL S10;5,4014
MIRASSOL;2025-10;DIESEL S10;5,4078
MIRASSOL;2025-11;DIESEL S10;5,433
MIRASSOL;2025-12;DIESEL S10;5,3974
MOCOCA;2025-01;ETANOL;3,4167
MOCOCA;2025-02;ETANOL;3,5058
MOCOCA;2025-03;ETANOL;3,4586
MOCOCA;2025-04;ETANOL;3,3764
MOCOCA;2025-05;ETANOL;3,374
MOCOCA;2025-06;ETANOL;3,2218
MOCOCA;2025-07;ETANOL;3,2037
MOCOCA;2025-08;ETANOL;3,3518
MOCOCA;2025-09;ETANOL;3,452
MOCOCA;2025-10;ETANOL;3,4062
MOCOCA;2025-11;ETANOL;3,5046
MOCOCA;2025-12;ETANOL;3,6437
MOCOCA;2025-01;GASOLINA;5,2374
MOCOCA;2025-02;GASOLINA;5,3921
MOCOCA;2025-03;GASOLINA;5,3357
MOCOCA;2025-04;GASOLINA;5,2947
MOCOCA;2025-05;GASOLINA;5,3019
MOCOCA;2025-06;GASOLINA;5,2415
MOCOCA;2025-07;GASOLINA;5,21
MOCOCA;2025-08;GASOLINA;5,1919
MOCOCA;2025-09;GASOLINA;5,1934
MOCOCA;2025-10;GASOLINA;5,202
MOCOCA;2025-11;GASOLINA;5,1957
MOCOCA;2025-12;GASOLINA;5,2129
MOCOCA;2025-01;DIESEL S10;5,4457
MOCOCA;2025-02;DIESEL S10;5,6531
MOCOCA;2025-03;DIESEL S10;5,558
MOCOCA;2025-04;DIESEL S10;5,2751
MOCOCA;2025-05;DIESEL S10;5,0844
MOCOCA;2025-06;DIESEL S10;5,1276
MOCOCA;2025-07;DIESEL S10;5,2593
MOCOCA;2025-08;DIESEL S10;5,3588
MOCOCA;2025-09;DIESEL S10;5,2963
MOCOCA;2025-10;DIESEL S10;5,3055
MOCOCA;2025-11;DIESEL S10;5,3552
MOCOCA;2025-12;DIESEL S10;5,3122
MOGI DAS CRUZES;2025-01;ETANOL;3,5375
MOGI DAS CRUZES;2025-02;ETANOL;3,596
MOGI DAS CRUZES;2025-03;ETANOL;3,5544
MOGI DAS CRUZES;2025-04;ETANOL;3,4549
MOGI DAS CRUZES;2025-05;ETANOL;3,4478
MOGI DAS CRUZES;2025-06;ETANOL;3,3187
MOGI DAS CRUZES;2025-07;ETANOL;3,2946
MOGI DAS CRUZES;2025-08;ETANOL;3,3907
MOGI DAS CRUZES;2025-09;ETANOL;3,5187
MOGI DAS CRUZES;2025-10;ETANOL;3,4992
MOGI DAS CRUZES;2025-11;ETANOL;3,5807
MOGI DAS CRUZES;2025-12;ETANOL;3,7008
MOGI DAS CRUZES;2025-01;GASOLINA;5,2896
MOGI DAS CRUZES;2025-02;GASOLINA;5,407
MOGI DAS CRUZES;2025-03;GASOLINA;5,3898
MOGI DAS CRUZES;2025-04;GASOLINA;5,3542
MOGI DAS CRUZES;2025-05;GASOLINA;5,3531
MOGI DAS CRUZES;2025-06;GASOLINA;5,2516
MOGI DAS CRUZES;2025-07;GASOLINA;5,2348
MOGI DAS CRUZES;2025-08;GASOLINA;5,2357
MOGI DAS CRUZES;2025-09;GASOLINA;5,2481
MOGI DAS CRUZES;2025-10;GASOLINA;5,2258
MOGI DAS CRUZES;2025-11;GASOLINA;5,2024
MOGI DAS CRUZES;2025-12;GASOLINA;5,2375
MOGI DAS CRUZES;2025-01;DIESEL S10;5,5177
MOGI DAS CRUZES;2025-02;DIESEL S10;5,7494
MOGI DAS CRUZES;2025-03;DIESEL S10;5,6819
MOGI DAS CRUZES;2025-04;DIESEL S10;5,4452
MOGI DAS CRUZES;2025-05;DIESEL S10;5,2346
MOGI DAS CRUZES;2025-06;DIESEL S10;5,2592
MOGI DAS CRUZES;2025-07;DIESEL S10;5,321
MOGI DAS CRUZES;2025-08;DIESEL S10;5,3908
MOGI DAS CRUZES;2025-09;DIESEL S10;5,3422
MOGI DAS CRUZES;2025-10;DIESEL S10;5,3448
MOGI DAS CRUZES;2025-11;DIESEL S10;5,3828
MOGI DAS CRUZES;2025-12;DIESEL S10;5,3976
MOGI GUACU;2025-01;ETANOL;3,4332
MOGI GUACU;2025-02;ETANOL;3,5017
MOGI GUACU;2025-03;ETANOL;3,4563
MOGI GUACU;2025-04;ETANOL;3,3453
MOGI GUACU;2025-05;ETANOL;3,3593
MOGI GUACU;2025-06;ETANOL;3,2167
MOGI GUACU;2025-07;ETANOL;3,2035
MOGI GUACU;2025-08;ETANOL;3,3247
MOGI GUACU;2025-09;ETANOL;3,4305
MOGI GUACU;2025-10;ETANOL;3,4032
MOGI GUACU;2025-11;ETANOL;3,4981
MOGI GUACU;2025-12;ETANOL;3,6203
MOGI GUACU;2025-01;GASOLINA;5,2688
MOGI GUACU;2025-02;GASOLINA;5,3724
MOGI GUACU;2025-03;GASOLINA;5,3415
MOGI GUACU;2025-04;GASOLINA;5,2968
MOGI GUACU;2025-05;GASOLINA;5,2793
MOGI GUACU;2025-06;GASOLINA;5,2164
MOGI GUACU;2025-07;GASOLINA;5,2114
MOGI GUACU;2025-08;GASOLINA;5,1824
MOGI GUACU;2025-09;GASOLINA;5,1447
MOGI GUACU;2025-10;GASOLINA;5,1812
MOGI GUACU;2025-11;GASOLINA;5,1784
MOGI GUACU;2025-12;GASOLINA;5,1947
MOGI GUACU;2025-01;DIESEL S10;5,4593
MOGI GUACU;2025-02;DIESEL S10;5,6825
MOGI GUACU;2025-03;DIESEL S10;5,5896
MOGI GUACU;2025-04;DIESEL S10;5,3284
MOGI GUACU;2025-05;DIESEL S10;5,1169
MOGI GUACU;2025-06;DIESEL S10;5,1538
MOGI GUACU;2025-07;DIESEL S10;5,2636
MOGI GUACU;2025-08;DIESEL S10;5,379
MOGI GUACU;2025-09;DIESEL S10;5,3087
MOGI GUACU;2025-10;DIESEL S10;5,3158
MOGI GUACU;2025-11;DIESEL S10;5,3658
MOGI GUACU;2025-12;DIESEL S10;5,3189
MONTE ALTO;2025-01;ETANOL;3,4505
MONTE ALTO;2025-02;ETANOL;3,4839
MONTE ALTO;2025-03;ETANOL;3,4302
MONTE ALTO;2025-04;ETANOL;3,3624
MONTE ALTO;2025-05;ETANOL;3,3494
MONTE ALTO;2025-06;ETANOL;3,2187
MONTE ALTO;2025-07;ETANOL;3,1875
MONTE ALTO;2025-08;ETANOL;3,3261
MONTE ALTO;2025-09;ETANOL;3,4177
MONTE ALTO;2025-10;ETANOL;3,3709
MONTE ALTO;2025-11;ETANOL;3,4531
MONTE ALTO;2025-12;ETANOL;3,6033
MONTE ALTO;2025-01;GASOLINA;5,3148
MONTE ALTO;2025-02;GASOLINA;5,4346
MONTE ALTO;2025-03;GASOLINA;5,4222
MONTE ALTO;2025-04;GASOLINA;5,4107
MONTE ALTO;2025-05;GASOLINA;5,376
MONTE ALTO;2025-06;GASOLINA;5,3077
MONTE ALTO;2025-07;GASOLINA;5,2871
MONTE ALTO;2025-08;GASOLINA;5,2438
MONTE ALTO;2025-09;GASOLINA;5,2092
MONTE ALTO;2025-10;GASOLINA;5,2568
MONTE ALTO;2025-11;GASOLINA;5,2214
MONTE ALTO;2025-12;GASOLINA;5,2591
MONTE ALTO;2025-01;DIESEL S10;5,481
MONTE ALTO;2025-02;DIESEL S10;5,6965
MONTE ALTO;2025-03;DIESEL S10;5,6248
MONTE ALTO;2025-04;DIESEL S10;5,3302
MONTE ALTO;2025-05;DIESEL S10;5,1619
MONTE ALTO;2025-06;DIESEL S10;5,2373
MONTE ALTO;2025-07;DIESEL S10;5,3372
MONTE ALTO;2025-08;DIESEL S10;5,4145
MONTE ALTO;2025-09;DIESEL S10;5,3312
MONTE ALTO;2025-10;DIESEL S10;5,3688
MONTE ALTO;2025-11;DIESEL S10;5,4138
MONTE ALTO;2025-12;DIESEL S10;5,3785
OLIMPIA;2025-01;ETANOL;3,4644
OLIMPIA;2025-02;ETANOL;3,6117
OLIMPIA;2025-03;ETANOL;3,6113
OLIMPIA;2025-04;ETANOL;3,5069
OLIMPIA;2025-05;ETANOL;3,4802
OLIMPIA;2025-06;ETANOL;3,3634
OLIMPIA;2025-07;ETANOL;3,3469
OLIMPIA;2025-08;ETANOL;3,3987
OLIMPIA;2025-09;ETANOL;3,5331
OLIMPIA;2025-10;ETANOL;3,5041
OLIMPIA;2025-11;ETANOL;3,574
OLIMPIA;2025-12;ETANOL;3,6892
OLIMPIA;2025-01;GASOLINA;5,4957
OLIMPIA;2025-02;GASOLINA;5,6066
OLIMPIA;2025-03;GASOLINA;5,6146
OLIMPIA;2025-04;GASOLINA;5,5712
OLIMPIA;2025-05;GASOLINA;5,6191
OLIMPIA;2025-06;GASOLINA;5,4584
OLIMPIA;2025-07;GASOLINA;5,4414
OLIMPIA;2025-08;GASOLINA;5,4658
OLIMPIA;2025-09;GASOLINA;5,4773
OLIMPIA;2025-10;GASOLINA;5,4367
OLIMPIA;2025-11;GASOLINA;5,4264
OLIMPIA;2025-12;GASOLINA;5,4507
OLIMPIA;2025-01;DIESEL S10;5,6296
OLIMPIA;2025-02;DIESEL S10;5,8538
OLIMPIA;2025-03;DIESEL S10;5,8463
OLIMPIA;2025-04;DIESEL S10;5,6135
OLIMPIA;2025-05;DIESEL S10;5,4411
OLIMPIA;2025-06;DIESEL S10;5,3873
OLIMPIA;2025-07;DIESEL S10;5,4251
OLIMPIA;2025-08;DIESEL S10;5,5028
OLIMPIA;2025-09;DIESEL S10;5,4798
OLIMPIA;2025-10;DIESEL S10;5,4978
OLIMPIA;2025-11;DIESEL S10;5,5197
OLIMPIA;2025-12;DIESEL S10;5,5195
OSASCO;2025-01;ETANOL;3,5352
OSASCO;2025-02;ETANOL;3,6676
OSASCO;2025-03;ETANOL;3,5859
OSASCO;2025-04;ETANOL;3,4792
OSASCO;2025-05;ETANOL;3,4636
OSASCO;2025-06;ETANOL;3,334
OSASCO;2025-07;ETANOL;3,3186
OSASCO;2025-08;ETANOL;3,4195
OSASCO;2025-09;ETANOL;3,5528
OSASCO;2025-10;ETANOL;3,5271
OSASCO;2025-11;ETANOL;3,6163
OSASCO;2025-12;ETANOL;3,7405
OSASCO;2025-01;GASOLINA;5,3213
OSASCO;2025-02;GASOLINA;5,4445
OSASCO;2025-03;GASOLINA;5,4048
OSASCO;2025-04;GASOLINA;5,3683
OSASCO;2025-05;GASOLINA;5,3608
OSASCO;2025-06;GASOLINA;5,2733
OSASCO;2025-07;GASOLINA;5,2563
OSASCO;2025-08;GASOLINA;5,2695
OSASCO;2025-09;GASOLINA;5,2833
OSASCO;2025-10;GASOLINA;5,2541
OSASCO;2025-11;GASOLINA;5,2426
OSASCO;2025-12;GASOLINA;5,2697
OSASCO;2025-01;DIESEL S10;5,5296
OSASCO;2025-02;DIESEL S10;5,7661
OSASCO;2025-03;DIESEL S10;5,7036
OSASCO;2025-04;DIESEL S10;5,4632
OSASCO;2025-05;DIESEL S10;5,2696
OSASCO;2025-06;DIESEL S10;5,2753
OSASCO;2025-07;DIESEL S10;5,3061
OSASCO;2025-08;DIESEL S10;5,4163
OSASCO;2025-09;DIESEL S10;5,3655
OSASCO;2025-10;DIESEL S10;5,4026
OSASCO;2025-11;DIESEL S10;5,4108
OSASCO;2025-12;DIESEL S10;5,4047
OURINHOS;2025-01;ETANOL;3,3616
OURINHOS;2025-02;ETANOL;3,4528
OURINHOS;2025-03;ETANOL;3,4184
OURINHOS;2025-04;ETANOL;3,3391
OURINHOS;2025-05;ETANOL;3,3012
OURINHOS;2025-06;ETANOL;3,204
OURINHOS;2025-07;ETANOL;3,1474
OURINHOS;2025-08;ETANOL;3,244
OURINHOS;2025-09;ETANOL;3,3927
OURINHOS;2025-10;ETANOL;3,3782
OURINHOS;2025-11;ETANOL;3,4692
OURINHOS;2025-12;ETANOL;3,6131
OURINHOS;2025-01;GASOLINA;5,2768
OURINHOS;2025-02;GASOLINA;5,4095
OURINHOS;2025-03;GASOLINA;5,3676
OURINHOS;2025-04;GASOLINA;5,3227
OURINHOS;2025-05;GASOLINA;5,2137
OURINHOS;2025-06;GASOLINA;5,2702
OURINHOS;2025-07;GASOLINA;5,234
OURINHOS;2025-08;GASOLINA;5,2325
OURINHOS;2025-09;GASOLINA;5,1513
OURINHOS;2025-10;GASOLINA;5,2491
OURINHOS;2025-11;GASOLINA;5,2506
OURINHOS;2025-12;GASOLINA;5,3295
OURINHOS;2025-01;DIESEL S10;5,5311
OURINHOS;2025-02;DIESEL S10;5,8029
OURINHOS;2025-03;DIESEL S10;5,6686
OURINHOS;2025-04;DIESEL S10;5,333
OURINHOS;2025-05;DIESEL S10;5,1146
OURINHOS;2025-06;DIESEL S10;5,145
OURINHOS;2025-07;DIESEL S10;5,2506
OURINHOS;2025-08;DIESEL S10;5,3692
OURINHOS;2025-09;DIESEL S10;5,3015
OURINHOS;2025-10;DIESEL S10;5,3637
OURINHOS;2025-11;DIESEL S10;5,418
OURINHOS;2025-12;DIESEL S10;5,3297
PARAGUACU PAULISTA;2025-01;ETANOL;3,3721
PARAGUACU PAULISTA;2025-02;ETANOL;3,4703
PARAGUACU PAULISTA;2025-03;ETANOL;3,4312
PARAGUACU PAULISTA;2025-04;ETANOL;3,3313
PARAGUACU PAULISTA;2025-05;ETANOL;3,3261
PARAGUACU PAULISTA;2025-06;ETANOL;3,1732
PARAGUACU PAULISTA;2025-07;ETANOL;3,1733
PARAGUACU PAULISTA;2025-08;ETANOL;3,2904
PARAGUACU PAULISTA;2025-09;ETANOL;3,4098
PARAGUACU PAULISTA;2025-10;ETANOL;3,3675
PARAGUACU PAULISTA;2025-11;ETANOL;3,4852
PARAGUACU PAULISTA;2025-12;ETANOL;3,5944
PARAGUACU PAULISTA;2025-01;GASOLINA;5,3538
PARAGUACU PAULISTA;2025-02;GASOLINA;5,4084
PARAGUACU PAULISTA;2025-03;GASOLINA;5,3726
PARAGUACU PAULISTA;2025-04;GASOLINA;5,326
PARAGUACU PAULISTA;2025-05;GASOLINA;5,2593
PARAGUACU PAULISTA;2025-06;GASOLINA;5,2856
PARAGUACU PAULISTA;2025-07;GASOLINA;5,2466
PARAGUACU PAULISTA;2025-08;GASOLINA;5,1717
PARAGUACU PAULISTA;2025-09;GASOLINA;5,1866
PARAGUACU PAULISTA;2025-10;GASOLINA;5,2873
PARAGUACU PAULISTA;2025-11;GASOLINA;5,2856
PARAGUACU PAULISTA;2025-12;GASOLINA;5,3012
PARAGUACU PAULISTA;2025-01;DIESEL S10;5,6231
PARAGUACU PAULISTA;2025-02;DIESEL S10;5,8251
PARAGUACU PAULISTA;2025-03;DIESEL S10;5,6985
PARAGUACU PAULISTA;2025-04;DIESEL S10;5,4574
PARAGUACU PAULISTA;2025-05;DIESEL S10;5,2719
PARAGUACU PAULISTA;2025-06;DIESEL S10;5,2599
PARAGUACU PAULISTA;2025-07;DIESEL S10;5,3576
PARAGUACU PAULISTA;2025-08;DIESEL S10;5,491
PARAGUACU PAULISTA;2025-09;DIESEL S10;5,4356
PARAGUACU PAULISTA;2025-10;DIESEL S10;5,4494
PARAGUACU PAULISTA;2025-11;DIESEL S10;5,4566
PARAGUACU PAULISTA;2025-12;DIESEL S10;5,4736
PINDAMONHANGABA;2025-01;ETANOL;3,4901
PINDAMONHANGABA;2025-02;ETANOL;3,5844
PINDAMONHANGABA;2025-03;ETANOL;3,5682
PINDAMONHANGABA;2025-04;ETANOL;3,4891
PINDAMONHANGABA;2025-05;ETANOL;3,4845
PINDAMONHANGABA;2025-06;ETANOL;3,4634
PINDAMONHANGABA;2025-07;ETANOL;3,3312
PINDAMONHANGABA;2025-08;ETANOL;3,393
PINDAMONHANGABA;2025-09;ETANOL;3,4953
PINDAMONHANGABA;2025-10;ETANOL;3,4992
PINDAMONHANGABA;2025-11;ETANOL;3,5811
PINDAMONHANGABA;2025-12;ETANOL;3,6935
PINDAMONHANGABA;2025-01;GASOLINA;5,3261
PINDAMONHANGABA;2025-02;GASOLINA;5,4368
PINDAMONHANGABA;2025-03;GASOLINA;5,4308
PINDAMONHANGABA;2025-04;GASOLINA;5,3968
PINDAMONHANGABA;2025-05;GASOLINA;5,4094
PINDAMONHANGABA;2025-06;GASOLINA;5,2785
PINDAMONHANGABA;2025-07;GASOLINA;5,2465
PINDAMONHANGABA;2025-08;GASOLINA;5,2588
PINDAMONHANGABA;2025-09;GASOLINA;5,292
PINDAMONHANGABA;2025-10;GASOLINA;5,2618
PINDAMONHANGABA;2025-11;GASOLINA;5,2244
PINDAMONHANGABA;2025-12;GASOLINA;5,2589
PINDAMONHANGABA;2025-01;DIESEL S10;5,4212
PINDAMONHANGABA;2025-02;DIESEL S10;5,6632
PINDAMONHANGABA;2025-03;DIESEL S10;5,6156
PINDAMONHANGABA;2025-04;DIESEL S10;5,3366
PINDAMONHANGABA;2025-05;DIESEL S10;5,1538
PINDAMONHANGABA;2025-06;DIESEL S10;5,1485
PINDAMONHANGABA;2025-07;DIESEL S10;5,2393
PINDAMONHANGABA;2025-08;DIESEL S10;5,3171
PINDAMONHANGABA;2025-09;DIESEL S10;5,2642
PINDAMONHANGABA;2025-10;DIESEL S10;5,2828
PINDAMONHANGABA;2025-11;DIESEL S10;5,3173
PINDAMONHANGABA;2025-12;DIESEL S10;5,305
PIRACICABA;2025-01;ETANOL;3,4356
PIRACICABA;2025-02;ETANOL;3,5413
PIRACICABA;2025-03;ETANOL;3,5138
PIRACICABA;2025-04;ETANOL;3,4031
PIRACICABA;2025-05;ETANOL;3,3772
PIRACICABA;2025-06;ETANOL;3,2739
PIRACICABA;2025-07;ETANOL;3,2697
PIRACICABA;2025-08;ETANOL;3,3767
PIRACICABA;2025-09;ETANOL;3,4914
PIRACICABA;2025-10;ETANOL;3,462
PIRACICABA;2025-11;ETANOL;3,5552
PIRACICABA;2025-12;ETANOL;3,6753
PIRACICABA;2025-01;GASOLINA;5,2852
PIRACICABA;2025-02;GASOLINA;5,3876
PIRACICABA;2025-03;GASOLINA;5,3601
PIRACICABA;2025-04;GASOLINA;5,3218
PIRACICABA;2025-05;GASOLINA;5,2866
PIRACICABA;2025-06;GASOLINA;5,2425
PIRACICABA;2025-07;GASOLINA;5,2478
PIRACICABA;2025-08;GASOLINA;5,2489
PIRACICABA;2025-09;GASOLINA;5,235
PIRACICABA;2025-10;GASOLINA;5,2511
PIRACICABA;2025-11;GASOLINA;5,2366
PIRACICABA;2025-12;GASOLINA;5,2653
PIRACICABA;2025-01;DIESEL S10;5,4972
PIRACICABA;2025-02;DIESEL S10;5,7151
PIRACICABA;2025-03;DIESEL S10;5,638
PIRACICABA;2025-04;DIESEL S10;5,3857
PIRACICABA;2025-05;DIESEL S10;5,1715
PIRACICABA;2025-06;DIESEL S10;5,2266
PIRACICABA;2025-07;DIESEL S10;5,302
PIRACICABA;2025-08;DIESEL S10;5,3899
PIRACICABA;2025-09;DIESEL S10;5,3311
PIRACICABA;2025-10;DIESEL S10;5,3544
PIRACICABA;2025-11;DIESEL S10;5,3885
PIRACICABA;2025-12;DIESEL S10;5,36
PIRASSUNUNGA;2025-01;ETANOL;3,3994
PIRASSUNUNGA;2025-02;ETANOL;3,4806
PIRASSUNUNGA;2025-03;ETANOL;3,4639
PIRASSUNUNGA;2025-04;ETANOL;3,3452
PIRASSUNUNGA;2025-05;ETANOL;3,373
PIRASSUNUNGA;2025-06;ETANOL;3,2212
PIRASSUNUNGA;2025-07;ETANOL;3,2165
PIRASSUNUNGA;2025-08;ETANOL;3,3305
PIRASSUNUNGA;2025-09;ETANOL;3,4417
PIRASSUNUNGA;2025-10;ETANOL;3,4159
PIRASSUNUNGA;2025-11;ETANOL;3,5017
PIRASSUNUNGA;2025-12;ETANOL;3,6525
PIRASSUNUNGA;2025-01;GASOLINA;5,2487
PIRASSUNUNGA;2025-02;GASOLINA;5,3973
PIRASSUNUNGA;2025-03;GASOLINA;5,3368
PIRASSUNUNGA;2025-04;GASOLINA;5,2784
PIRASSUNUNGA;2025-05;GASOLINA;5,276
PIRASSUNUNGA;2025-06;GASOLINA;5,2094
PIRASSUNUNGA;2025-07;GASOLINA;5,2146
PIRASSUNUNGA;2025-08;GASOLINA;5,2059
PIRASSUNUNGA;2025-09;GASOLINA;5,1835
PIRASSUNUNGA;2025-10;GASOLINA;5,204
PIRASSUNUNGA;2025-11;GASOLINA;5,18
PIRASSUNUNGA;2025-12;GASOLINA;5,195
PIRASSUNUNGA;2025-01;DIESEL S10;5,4205
PIRASSUNUNGA;2025-02;DIESEL S10;5,6205
PIRASSUNUNGA;2025-03;DIESEL S10;5,4644
PIRASSUNUNGA;2025-04;DIESEL S10;5,2732
PIRASSUNUNGA;2025-05;DIESEL S10;5,1112
PIRASSUNUNGA;2025-06;DIESEL S10;5,1316
PIRASSUNUNGA;2025-07;DIESEL S10;5,2528
PIRASSUNUNGA;2025-08;DIESEL S10;5,3378
PIRASSUNUNGA;2025-09;DIESEL S10;5,2417
PIRASSUNUNGA;2025-10;DIESEL S10;5,2646
PIRASSUNUNGA;2025-11;DIESEL S10;5,3109
PIRASSUNUNGA;2025-12;DIESEL S10;5,2627
POA;2025-01;ETANOL;3,5077
POA;2025-02;ETANOL;3,6007
POA;2025-03;ETANOL;3,501
POA;2025-04;ETANOL;3,3737
POA;2025-05;ETANOL;3,3593
POA;2025-06;ETANOL;3,2359
POA;2025-07;ETANOL;3,2451
POA;2025-08;ETANOL;3,2963
POA;2025-09;ETANOL;3,4696
POA;2025-10;ETANOL;3,4641
POA;2025-11;ETANOL;3,5376
POA;2025-12;ETANOL;3,6644
POA;2025-01;GASOLINA;5,1994
POA;2025-02;GASOLINA;5,3158
POA;2025-03;GASOLINA;5,2905
POA;2025-04;GASOLINA;5,2705
POA;2025-05;GASOLINA;5,2558
POA;2025-06;GASOLINA;5,168
POA;2025-07;GASOLINA;5,155
POA;2025-08;GASOLINA;5,1686
POA;2025-09;GASOLINA;5,2048
POA;2025-10;GASOLINA;5,1881
POA;2025-11;GASOLINA;5,159
POA;2025-12;GASOLINA;5,1831
POA;2025-01;DIESEL S10;5,4037
POA;2025-02;DIESEL S10;5,6334
POA;2025-03;DIESEL S10;5,5907
POA;2025-04;DIESEL S10;5,3604
POA;2025-05;DIESEL S10;5,109
POA;2025-06;DIESEL S10;5,1445
POA;2025-07;DIESEL S10;5,255
POA;2025-08;DIESEL S10;5,3331
POA;2025-09;DIESEL S10;5,2719
POA;2025-10;DIESEL S10;5,2854
POA;2025-11;DIESEL S10;5,322
POA;2025-12;DIESEL S10;5,3581
PORTO FERREIRA;2025-01;ETANOL;3,4406
PORTO FERREIRA;2025-02;ETANOL;3,5171
PORTO FERREIRA;2025-03;ETANOL;3,4594
PORTO FERREIRA;2025-04;ETANOL;3,3702
PORTO FERREIRA;2025-05;ETANOL;3,3588
PORTO FERREIRA;2025-06;ETANOL;3,2087
PORTO FERREIRA;2025-07;ETANOL;3,1895
PORTO FERREIRA;2025-08;ETANOL;3,3417
PORTO FERREIRA;2025-09;ETANOL;3,451
PORTO FERREIRA;2025-10;ETANOL;3,4108
PORTO FERREIRA;2025-11;ETANOL;3,5193
PORTO FERREIRA;2025-12;ETANOL;3,6212
PORTO FERREIRA;2025-01;GASOLINA;5,2735
PORTO FERREIRA;2025-02;GASOLINA;5,3662
PORTO FERREIRA;2025-03;GASOLINA;5,3671
PORTO FERREIRA;2025-04;GASOLINA;5,3584
PORTO FERREIRA;2025-05;GASOLINA;5,353
PORTO FERREIRA;2025-06;GASOLINA;5,2618
PORTO FERREIRA;2025-07;GASOLINA;5,2333
PORTO FERREIRA;2025-08;GASOLINA;5,2218
PORTO FERREIRA;2025-09;GASOLINA;5,22
PORTO FERREIRA;2025-10;GASOLINA;5,2262
PORTO FERREIRA;2025-11;GASOLINA;5,2025
PORTO FERREIRA;2025-12;GASOLINA;5,2343
PORTO FERREIRA;2025-01;DIESEL S10;5,4938
PORTO FERREIRA;2025-02;DIESEL S10;5,7316
PORTO FERREIRA;2025-03;DIESEL S10;5,6489
PORTO FERREIRA;2025-04;DIESEL S10;5,4083
PORTO FERREIRA;2025-05;DIESEL S10;5,1925
PORTO FERREIRA;2025-06;DIESEL S10;5,2015
PORTO FERREIRA;2025-07;DIESEL S10;5,2928
PORTO FERREIRA;2025-08;DIESEL S10;5,3753
PORTO FERREIRA;2025-09;DIESEL S10;5,3427
PORTO FERREIRA;2025-10;DIESEL S10;5,3448
PORTO FERREIRA;2025-11;DIESEL S10;5,3816
PORTO FERREIRA;2025-12;DIESEL S10;5,3553
PRAIA GRANDE;2025-01;ETANOL;3,4831
PRAIA GRANDE;2025-02;ETANOL;3,5806
PRAIA GRANDE;2025-03;ETANOL;3,5706
PRAIA GRANDE;2025-04;ETANOL;3,423
PRAIA GRANDE;2025-05;ETANOL;3,4
PRAIA GRANDE;2025-06;ETANOL;3,316
PRAIA GRANDE;2025-07;ETANOL;3,2906
PRAIA GRANDE;2025-08;ETANOL;3,3857
PRAIA GRANDE;2025-09;ETANOL;3,5161
PRAIA GRANDE;2025-10;ETANOL;3,4974
PRAIA GRANDE;2025-11;ETANOL;3,5855
PRAIA GRANDE;2025-12;ETANOL;3,725
PRAIA GRANDE;2025-01;GASOLINA;5,2945
PRAIA GRANDE;2025-02;GASOLINA;5,3895
PRAIA GRANDE;2025-03;GASOLINA;5,3522
PRAIA GRANDE;2025-04;GASOLINA;5,3598
PRAIA GRANDE;2025-05;GASOLINA;5,3266
PRAIA GRANDE;2025-06;GASOLINA;5,2996
PRAIA GRANDE;2025-07;GASOLINA;5,2504
PRAIA GRANDE;2025-08;GASOLINA;5,2499
PRAIA GRANDE;2025-09;GASOLINA;5,321
PRAIA GRANDE;2025-10;GASOLINA;5,2595
PRAIA GRANDE;2025-11;GASOLINA;5,2325
PRAIA GRANDE;2025-12;GASOLINA;5,2596
PRAIA GRANDE;2025-01;DIESEL S10;5,5536
PRAIA GRANDE;2025-02;DIESEL S10;5,7669
PRAIA GRANDE;2025-03;DIESEL S10;5,6817
PRAIA GRANDE;2025-04;DIESEL S10;5,3839
PRAIA GRANDE;2025-05;DIESEL S10;5,0848
PRAIA GRANDE;2025-06;DIESEL S10;5,2148
PRAIA GRANDE;2025-07;DIESEL S10;5,3636
PRAIA GRANDE;2025-08;DIESEL S10;5,431
PRAIA GRANDE;2025-09;DIESEL S10;5,3757
PRAIA GRANDE;2025-10;DIESEL S10;5,3897
PRAIA GRANDE;2025-11;DIESEL S10;5,4191
PRAIA GRANDE;2025-12;DIESEL S10;5,42
PRESIDENTE PRUDENTE;2025-01;ETANOL;3,3434
PRESIDENTE PRUDENTE;2025-02;ETANOL;3,467
PRESIDENTE PRUDENTE;2025-03;ETANOL;3,4576
PRESIDENTE PRUDENTE;2025-04;ETANOL;3,3685
PRESIDENTE PRUDENTE;2025-05;ETANOL;3,3616
PRESIDENTE PRUDENTE;2025-06;ETANOL;3,233
PRESIDENTE PRUDENTE;2025-07;ETANOL;3,1991
PRESIDENTE PRUDENTE;2025-08;ETANOL;3,3258
PRESIDENTE PRUDENTE;2025-09;ETANOL;3,4418
PRESIDENTE PRUDENTE;2025-10;ETANOL;3,3948
PRESIDENTE PRUDENTE;2025-11;ETANOL;3,476
PRESIDENTE PRUDENTE;2025-12;ETANOL;3,6097
PRESIDENTE PRUDENTE;2025-01;GASOLINA;5,4248
PRESIDENTE PRUDENTE;2025-02;GASOLINA;5,4964
PRESIDENTE PRUDENTE;2025-03;GASOLINA;5,4744
PRESIDENTE PRUDENTE;2025-04;GASOLINA;5,4341
PRESIDENTE PRUDENTE;2025-05;GASOLINA;5,3688
PRESIDENTE PRUDENTE;2025-06;GASOLINA;5,3045
PRESIDENTE PRUDENTE;2025-07;GASOLINA;5,3186
PRESIDENTE PRUDENTE;2025-08;GASOLINA;5,3221
PRESIDENTE PRUDENTE;2025-09;GASOLINA;5,3082
PRESIDENTE PRUDENTE;2025-10;GASOLINA;5,3177
PRESIDENTE PRUDENTE;2025-11;GASOLINA;5,3338
PRESIDENTE PRUDENTE;2025-12;GASOLINA;5,3507
PRESIDENTE PRUDENTE;2025-01;DIESEL S10;5,548
PRESIDENTE PRUDENTE;2025-02;DIESEL S10;5,7556
PRESIDENTE PRUDENTE;2025-03;DIESEL S10;5,7126
PRESIDENTE PRUDENTE;2025-04;DIESEL S10;5,4565
PRESIDENTE PRUDENTE;2025-05;DIESEL S10;5,2393
PRESIDENTE PRUDENTE;2025-06;DIESEL S10;5,2085
PRESIDENTE PRUDENTE;2025-07;DIESEL S10;5,2964
PRESIDENTE PRUDENTE;2025-08;DIESEL S10;5,4211
PRESIDENTE PRUDENTE;2025-09;DIESEL S10;5,3535
PRESIDENTE PRUDENTE;2025-10;DIESEL S10;5,3913
PRESIDENTE PRUDENTE;2025-11;DIESEL S10;5,4198
PRESIDENTE PRUDENTE;2025-12;DIESEL S10;5,4223
PRESIDENTE VENCESLAU;2025-01;ETANOL;3,4053
PRESIDENTE VENCESLAU;2025-02;ETANOL;3,4907
PRESIDENTE VENCESLAU;2025-03;ETANOL;3,4337
PRESIDENTE VENCESLAU;2025-04;ETANOL;3,3623
PRESIDENTE VENCESLAU;2025-05;ETANOL;3,3587
PRESIDENTE VENCESLAU;2025-06;ETANOL;3,198
PRESIDENTE VENCESLAU;2025-07;ETANOL;3,2113
PRESIDENTE VENCESLAU;2025-08;ETANOL;3,3338
PRESIDENTE VENCESLAU;2025-09;ETANOL;3,4585
PRESIDENTE VENCESLAU;2025-10;ETANOL;3,3965
PRESIDENTE VENCESLAU;2025-11;ETANOL;3,506
PRESIDENTE VENCESLAU;2025-12;ETANOL;3,6386
PRESIDENTE VENCESLAU;2025-01;GASOLINA;5,4369
PRESIDENTE VENCESLAU;2025-02;GASOLINA;5,464
PRESIDENTE VENCESLAU;2025-03;GASOLINA;5,4391
PRESIDENTE VENCESLAU;2025-04;GASOLINA;5,3827
PRESIDENTE VENCESLAU;2025-05;GASOLINA;5,3189
PRESIDENTE VENCESLAU;2025-06;GASOLINA;5,2808
PRESIDENTE VENCESLAU;2025-07;GASOLINA;5,3179
PRESIDENTE VENCESLAU;2025-08;GASOLINA;5,3199
PRESIDENTE VENCESLAU;2025-09;GASOLINA;5,2763
PRESIDENTE VENCESLAU;2025-10;GASOLINA;5,2939
PRESIDENTE VENCESLAU;2025-11;GASOLINA;5,3121
PRESIDENTE VENCESLAU;2025-12;GASOLINA;5,3463
PRESIDENTE VENCESLAU;2025-01;DIESEL S10;5,5314
PRESIDENTE VENCESLAU;2025-02;DIESEL S10;5,7897
PRESIDENTE VENCESLAU;2025-03;DIESEL S10;5,7501
PRESIDENTE VENCESLAU;2025-04;DIESEL S10;5,5571
PRESIDENTE VENCESLAU;2025-05;DIESEL S10;5,3579
PRESIDENTE VENCESLAU;2025-06;DIESEL S10;5,3012
PRESIDENTE VENCESLAU;2025-07;DIESEL S10;5,3788
PRESIDENTE VENCESLAU;2025-08;DIESEL S10;5,4511
PRESIDENTE VENCESLAU;2025-09;DIESEL S10;5,4705
PRESIDENTE VENCESLAU;2025-10;DIESEL S10;5,3896
PRESIDENTE VENCESLAU;2025-11;DIESEL S10;5,4068
PRESIDENTE VENCESLAU;2025-12;DIESEL S10;5,4428
RIBEIRAO PIRES;2025-01;ETANOL;3,5233
RIBEIRAO PIRES;2025-02;ETANOL;3,6418
RIBEIRAO PIRES;2025-03;ETANOL;3,5704
RIBEIRAO PIRES;2025-04;ETANOL;3,4733
RIBEIRAO PIRES;2025-05;ETANOL;3,4538
RIBEIRAO PIRES;2025-06;ETANOL;3,3303
RIBEIRAO PIRES;2025-07;ETANOL;3,3151
RIBEIRAO PIRES;2025-08;ETANOL;3,3853
RIBEIRAO PIRES;2025-09;ETANOL;3,5432
RIBEIRAO PIRES;2025-10;ETANOL;3,5163
RIBEIRAO PIRES;2025-11;ETANOL;3,5968
RIBEIRAO PIRES;2025-12;ETANOL;3,7189
RIBEIRAO PIRES;2025-01;GASOLINA;5,3299
RIBEIRAO PIRES;2025-02;GASOLINA;5,4387
RIBEIRAO PIRES;2025-03;GASOLINA;5,4083
RIBEIRAO PIRES;2025-04;GASOLINA;5,3849
RIBEIRAO PIRES;2025-05;GASOLINA;5,3739
RIBEIRAO PIRES;2025-06;GASOLINA;5,2837
RIBEIRAO PIRES;2025-07;GASOLINA;5,2739
RIBEIRAO PIRES;2025-08;GASOLINA;5,2711
RIBEIRAO PIRES;2025-09;GASOLINA;5,2696
RIBEIRAO PIRES;2025-10;GASOLINA;5,2752
RIBEIRAO PIRES;2025-11;GASOLINA;5,2464
RIBEIRAO PIRES;2025-12;GASOLINA;5,2976
RIBEIRAO PIRES;2025-01;DIESEL S10;5,5611
RIBEIRAO PIRES;2025-02;DIESEL S10;5,7652
RIBEIRAO PIRES;2025-03;DIESEL S10;5,7093
RIBEIRAO PIRES;2025-04;DIESEL S10;5,4992
RIBEIRAO PIRES;2025-05;DIESEL S10;5,2865
RIBEIRAO PIRES;2025-06;DIESEL S10;5,2916
RIBEIRAO PIRES;2025-07;DIESEL S10;5,3065
RIBEIRAO PIRES;2025-08;DIESEL S10;5,4256
RIBEIRAO PIRES;2025-09;DIESEL S10;5,3859
RIBEIRAO PIRES;2025-10;DIESEL S10;5,4026
RIBEIRAO PIRES;2025-11;DIESEL S10;5,433
RIBEIRAO PIRES;2025-12;DIESEL S10;5,4307
RIBEIRAO PRETO;2025-01;ETANOL;3,4499
RIBEIRAO PRETO;2025-02;ETANOL;3,5278
RIBEIRAO PRETO;2025-03;ETANOL;3,4819
RIBEIRAO PRETO;2025-04;ETANOL;3,3842
RIBEIRAO PRETO;2025-05;ETANOL;3,3282
RIBEIRAO PRETO;2025-06;ETANOL;3,2046
RIBEIRAO PRETO;2025-07;ETANOL;3,2041
RIBEIRAO PRETO;2025-08;ETANOL;3,3099
RIBEIRAO PRETO;2025-09;ETANOL;3,4412
RIBEIRAO PRETO;2025-10;ETANOL;3,4106
RIBEIRAO PRETO;2025-11;ETANOL;3,4977
RIBEIRAO PRETO;2025-12;ETANOL;3,6484
RIBEIRAO PRETO;2025-01;GASOLINA;5,3049
RIBEIRAO PRETO;2025-02;GASOLINA;5,4506
RIBEIRAO PRETO;2025-03;GASOLINA;5,4137
RIBEIRAO PRETO;2025-04;GASOLINA;5,3835
RIBEIRAO PRETO;2025-05;GASOLINA;5,3275
RIBEIRAO PRETO;2025-06;GASOLINA;5,2921
RIBEIRAO PRETO;2025-07;GASOLINA;5,2665
RIBEIRAO PRETO;2025-08;GASOLINA;5,2495
RIBEIRAO PRETO;2025-09;GASOLINA;5,2318
RIBEIRAO PRETO;2025-10;GASOLINA;5,2625
RIBEIRAO PRETO;2025-11;GASOLINA;5,2405
RIBEIRAO PRETO;2025-12;GASOLINA;5,2884
RIBEIRAO PRETO;2025-01;DIESEL S10;5,5025
RIBEIRAO PRETO;2025-02;DIESEL S10;5,7447
RIBEIRAO PRETO;2025-03;DIESEL S10;5,6762
RIBEIRAO PRETO;2025-04;DIESEL S10;5,3715
RIBEIRAO PRETO;2025-05;DIESEL S10;5,1402
RIBEIRAO PRETO;2025-06;DIESEL S10;5,1482
RIBEIRAO PRETO;2025-07;DIESEL S10;5,2615
RIBEIRAO PRETO;2025-08;DIESEL S10;5,3636
RIBEIRAO PRETO;2025-09;DIESEL S10;5,3006
RIBEIRAO PRETO;2025-10;DIESEL S10;5,3402
RIBEIRAO PRETO;2025-11;DIESEL S10;5,3858
RIBEIRAO PRETO;2025-12;DIESEL S10;5,3556
SALTO;2025-01;ETANOL;3,4621
SALTO;2025-02;ETANOL;3,588
SALTO;2025-03;ETANOL;3,5524
SALTO;2025-04;ETANOL;3,4321
SALTO;2025-05;ETANOL;3,4212
SALTO;2025-06;ETANOL;3,2942
SALTO;2025-07;ETANOL;3,2835
SALTO;2025-08;ETANOL;3,389
SALTO;2025-09;ETANOL;3,5093
SALTO;2025-10;ETANOL;3,4537
SALTO;2025-11;ETANOL;3,5561
SALTO;2025-12;ETANOL;3,6743
SALTO;2025-01;GASOLINA;5,309
SALTO;2025-02;GASOLINA;5,4475
SALTO;2025-03;GASOLINA;5,4118
SALTO;2025-04;GASOLINA;5,3599
SALTO;2025-05;GASOLINA;5,3622
SALTO;2025-06;GASOLINA;5,2739
SALTO;2025-07;GASOLINA;5,2836
SALTO;2025-08;GASOLINA;5,2719
SALTO;2025-09;GASOLINA;5,2499
SALTO;2025-10;GASOLINA;5,2344
SALTO;2025-11;GASOLINA;5,2382
SALTO;2025-12;GASOLINA;5,2787
SALTO;2025-01;DIESEL S10;5,5671
SALTO;2025-02;DIESEL S10;5,7946
SALTO;2025-03;DIESEL S10;5,7421
SALTO;2025-04;DIESEL S10;5,5238
SALTO;2025-05;DIESEL S10;5,3329
SALTO;2025-06;DIESEL S10;5,3044
SALTO;2025-07;DIESEL S10;5,3681
SALTO;2025-08;DIESEL S10;5,47
SALTO;2025-09;DIESEL S10;5,4283
SALTO;2025-10;DIESEL S10;5,3892
SALTO;2025-11;DIESEL S10;5,4296
SALTO;2025-12;DIESEL S10;5,4123
SANTA BARBARA D'OESTE;2025-01;ETANOL;3,4388
SANTA BARBARA D'OESTE;2025-02;ETANOL;3,5449
SANTA BARBARA D'OESTE;2025-03;ETANOL;3,5186
SANTA BARBARA D'OESTE;2025-04;ETANOL;3,3623
SANTA BARBARA D'OESTE;2025-05;ETANOL;3,3586
SANTA BARBARA D'OESTE;2025-06;ETANOL;3,2127
SANTA BARBARA D'OESTE;2025-07;ETANOL;3,1941
SANTA BARBARA D'OESTE;2025-08;ETANOL;3,3219
SANTA BARBARA D'OESTE;2025-09;ETANOL;3,4303
SANTA BARBARA D'OESTE;2025-10;ETANOL;3,413
SANTA BARBARA D'OESTE;2025-11;ETANOL;3,5054
SANTA BARBARA D'OESTE;2025-12;ETANOL;3,6197
SANTA BARBARA D'OESTE;2025-01;GASOLINA;5,3233
SANTA BARBARA D'OESTE;2025-02;GASOLINA;5,4354
SANTA BARBARA D'OESTE;2025-03;GASOLINA;5,3844
SANTA BARBARA D'OESTE;2025-04;GASOLINA;5,3046
SANTA BARBARA D'OESTE;2025-05;GASOLINA;5,2661
SANTA BARBARA D'OESTE;2025-06;GASOLINA;5,2235
SANTA BARBARA D'OESTE;2025-07;GASOLINA;5,221
SANTA BARBARA D'OESTE;2025-08;GASOLINA;5,2181
SANTA BARBARA D'OESTE;2025-09;GASOLINA;5,1998
SANTA BARBARA D'OESTE;2025-10;GASOLINA;5,2315
SANTA BARBARA D'OESTE;2025-11;GASOLINA;5,2112
SANTA BARBARA D'OESTE;2025-12;GASOLINA;5,2226
SANTA BARBARA D'OESTE;2025-01;DIESEL S10;5,4768
SANTA BARBARA D'OESTE;2025-02;DIESEL S10;5,7131
SANTA BARBARA D'OESTE;2025-03;DIESEL S10;5,6057
SANTA BARBARA D'OESTE;2025-04;DIESEL S10;5,2786
SANTA BARBARA D'OESTE;2025-05;DIESEL S10;5,1097
SANTA BARBARA D'OESTE;2025-06;DIESEL S10;5,1505
SANTA BARBARA D'OESTE;2025-07;DIESEL S10;5,261
SANTA BARBARA D'OESTE;2025-08;DIESEL S10;5,3564
SANTA BARBARA D'OESTE;2025-09;DIESEL S10;5,2786
SANTA BARBARA D'OESTE;2025-10;DIESEL S10;5,3098
SANTA BARBARA D'OESTE;2025-11;DIESEL S10;5,3584
SANTA BARBARA D'OESTE;2025-12;DIESEL S10;5,2839
SANTA CRUZ DO RIO PARDO;2025-01;ETANOL;3,4453
SANTA CRUZ DO RIO PARDO;2025-02;ETANOL;3,5802
SANTA CRUZ DO RIO PARDO;2025-03;ETANOL;3,5395
SANTA CRUZ DO RIO PARDO;2025-04;ETANOL;3,5072
SANTA CRUZ DO RIO PARDO;2025-05;ETANOL;3,4261
SANTA CRUZ DO RIO PARDO;2025-06;ETANOL;3,3068
SANTA CRUZ DO RIO PARDO;2025-07;ETANOL;3,2648
SANTA CRUZ DO RIO PARDO;2025-08;ETANOL;3,3702
SANTA CRUZ DO RIO PARDO;2025-09;ETANOL;3,4745
SANTA CRUZ DO RIO PARDO;2025-10;ETANOL;3,4673
SANTA CRUZ DO RIO PARDO;2025-11;ETANOL;3,5467
SANTA CRUZ DO RIO PARDO;2025-12;ETANOL;3,7062
SANTA CRUZ DO RIO PARDO;2025-01;GASOLINA;5,4018
SANTA CRUZ DO RIO PARDO;2025-02;GASOLINA;5,4975
SANTA CRUZ DO RIO PARDO;2025-03;GASOLINA;5,4323
SANTA CRUZ DO RIO PARDO;2025-04;GASOLINA;5,4121
SANTA CRUZ DO RIO PARDO;2025-05;GASOLINA;5,3591
SANTA CRUZ DO RIO PARDO;2025-06;GASOLINA;5,2792
SANTA CRUZ DO RIO PARDO;2025-07;GASOLINA;5,2579
SANTA CRUZ DO RIO PARDO;2025-08;GASOLINA;5,2585
SANTA CRUZ DO RIO PARDO;2025-09;GASOLINA;5,1855
SANTA CRUZ DO RIO PARDO;2025-10;GASOLINA;5,2532
SANTA CRUZ DO RIO PARDO;2025-11;GASOLINA;5,2578
SANTA CRUZ DO RIO PARDO;2025-12;GASOLINA;5,2607
SANTA CRUZ DO RIO PARDO;2025-01;DIESEL S10;5,4919
SANTA CRUZ DO RIO PARDO;2025-02;DIESEL S10;5,7385
SANTA CRUZ DO RIO PARDO;2025-03;DIESEL S10;5,6426
SANTA CRUZ DO RIO PARDO;2025-04;DIESEL S10;5,4112
SANTA CRUZ DO RIO PARDO;2025-05;DIESEL S10;5,1785
SANTA CRUZ DO RIO PARDO;2025-06;DIESEL S10;5,1704
SANTA CRUZ DO RIO PARDO;2025-07;DIESEL S10;5,2421
SANTA CRUZ DO RIO PARDO;2025-08;DIESEL S10;5,3514
SANTA CRUZ DO RIO PARDO;2025-09;DIESEL S10;5,294
SANTA CRUZ DO RIO PARDO;2025-10;DIESEL S10;5,3303
SANTA CRUZ DO RIO PARDO;2025-11;DIESEL S10;5,395
SANTA CRUZ DO RIO PARDO;2025-12;DIESEL S10;5,3087
SANTO ANDRE;2025-01;ETANOL;3,5298
SANTO ANDRE;2025-02;ETANOL;3,6296
SANTO ANDRE;2025-03;ETANOL;3,5854
SANTO ANDRE;2025-04;ETANOL;3,4774
SANTO ANDRE;2025-05;ETANOL;3,4566
SANTO ANDRE;2025-06;ETANOL;3,3396
SANTO ANDRE;2025-07;ETANOL;3,3164
SANTO ANDRE;2025-08;ETANOL;3,423
SANTO ANDRE;2025-09;ETANOL;3,5607
SANTO ANDRE;2025-10;ETANOL;3,5322
SANTO ANDRE;2025-11;ETANOL;3,6157
SANTO ANDRE;2025-12;ETANOL;3,7382
SANTO ANDRE;2025-01;GASOLINA;5,3285
SANTO ANDRE;2025-02;GASOLINA;5,4582
SANTO ANDRE;2025-03;GASOLINA;5,4111
SANTO ANDRE;2025-04;GASOLINA;5,3705
SANTO ANDRE;2025-05;GASOLINA;5,3542
SANTO ANDRE;2025-06;GASOLINA;5,2677
SANTO ANDRE;2025-07;GASOLINA;5,2596
SANTO ANDRE;2025-08;GASOLINA;5,2669
SANTO ANDRE;2025-09;GASOLINA;5,2813
SANTO ANDRE;2025-10;GASOLINA;5,2644
SANTO ANDRE;2025-11;GASOLINA;5,2436
SANTO ANDRE;2025-12;GASOLINA;5,2781
SANTO ANDRE;2025-01;DIESEL S10;5,5515
SANTO ANDRE;2025-02;DIESEL S10;5,7783
SANTO ANDRE;2025-03;DIESEL S10;5,7282
SANTO ANDRE;2025-04;DIESEL S10;5,4191
SANTO ANDRE;2025-05;DIESEL S10;5,2744
SANTO ANDRE;2025-06;DIESEL S10;5,3413
SANTO ANDRE;2025-07;DIESEL S10;5,3061
SANTO ANDRE;2025-08;DIESEL S10;5,402
SANTO ANDRE;2025-09;DIESEL S10;5,375
SANTO ANDRE;2025-10;DIESEL S10;5,3844
SANTO ANDRE;2025-11;DIESEL S10;5,4156
SANTO ANDRE;2025-12;DIESEL S10;5,4101
SANTOS;2025-01;ETANOL;3,5287
SANTOS;2025-02;ETANOL;3,6164
SANTOS;2025-03;ETANOL;3,6121
SANTOS;2025-04;ETANOL;3,4795
SANTOS;2025-05;ETANOL;3,4419
SANTOS;2025-06;ETANOL;3,3367
SANTOS;2025-07;ETANOL;3,3122
SANTOS;2025-08;ETANOL;3,4468
SANTOS;2025-09;ETANOL;3,5853
SANTOS;2025-10;ETANOL;3,5647
SANTOS;2025-11;ETANOL;3,6477
SANTOS;2025-12;ETANOL;3,7651
SANTOS;2025-01;GASOLINA;5,3065
SANTOS;2025-02;GASOLINA;5,4196
SANTOS;2025-03;GASOLINA;5,4051
SANTOS;2025-04;GASOLINA;5,3911
SANTOS;2025-05;GASOLINA;5,4243
SANTOS;2025-06;GASOLINA;5,2986
SANTOS;2025-07;GASOLINA;5,2646
SANTOS;2025-08;GASOLINA;5,2704
SANTOS;2025-09;GASOLINA;5,2898
SANTOS;2025-10;GASOLINA;5,256
SANTOS;2025-11;GASOLINA;5,2344
SANTOS;2025-12;GASOLINA;5,2779
SANTOS;2025-01;DIESEL S10;5,5393
SANTOS;2025-02;DIESEL S10;5,7742
SANTOS;2025-03;DIESEL S10;5,7166
SANTOS;2025-04;DIESEL S10;5,5205
SANTOS;2025-05;DIESEL S10;5,3592
SANTOS;2025-06;DIESEL S10;5,336
SANTOS;2025-07;DIESEL S10;5,3433
SANTOS;2025-08;DIESEL S10;5,4332
SANTOS;2025-09;DIESEL S10;5,4152
SANTOS;2025-10;DIESEL S10;5,4133
SANTOS;2025-11;DIESEL S10;5,4222
SANTOS;2025-12;DIESEL S10;5,4359
SAO BERNARDO DO CAMPO;2025-01;ETANOL;3,5234
SAO BERNARDO DO CAMPO;2025-02;ETANOL;3,6604
SAO BERNARDO DO CAMPO;2025-03;ETANOL;3,5961
SAO BERNARDO DO CAMPO;2025-04;ETANOL;3,4741
SAO BERNARDO DO CAMPO;2025-05;ETANOL;3,4599
SAO BERNARDO DO CAMPO;2025-06;ETANOL;3,3258
SAO BERNARDO DO CAMPO;2025-07;ETANOL;3,3107
SAO BERNARDO DO CAMPO;2025-08;ETANOL;3,4178
SAO BERNARDO DO CAMPO;2025-09;ETANOL;3,5531
SAO BERNARDO DO CAMPO;2025-10;ETANOL;3,5271
SAO BERNARDO DO CAMPO;2025-11;ETANOL;3,615
SAO BERNARDO DO CAMPO;2025-12;ETANOL;3,7397
SAO BERNARDO DO CAMPO;2025-01;GASOLINA;5,3204
SAO BERNARDO DO CAMPO;2025-02;GASOLINA;5,463
SAO BERNARDO DO CAMPO;2025-03;GASOLINA;5,4304
SAO BERNARDO DO CAMPO;2025-04;GASOLINA;5,391
SAO BERNARDO DO CAMPO;2025-05;GASOLINA;5,4055
SAO BERNARDO DO CAMPO;2025-06;GASOLINA;5,2795
SAO BERNARDO DO CAMPO;2025-07;GASOLINA;5,2688
SAO BERNARDO DO CAMPO;2025-08;GASOLINA;5,276
SAO BERNARDO DO CAMPO;2025-09;GASOLINA;5,303
SAO BERNARDO DO CAMPO;2025-10;GASOLINA;5,2854
SAO BERNARDO DO CAMPO;2025-11;GASOLINA;5,2706
SAO BERNARDO DO CAMPO;2025-12;GASOLINA;5,3076
SAO BERNARDO DO CAMPO;2025-01;DIESEL S10;5,529
SAO BERNARDO DO CAMPO;2025-02;DIESEL S10;5,7878
SAO BERNARDO DO CAMPO;2025-03;DIESEL S10;5,7295
SAO BERNARDO DO CAMPO;2025-04;DIESEL S10;5,4568
SAO BERNARDO DO CAMPO;2025-05;DIESEL S10;5,3133
SAO BERNARDO DO CAMPO;2025-06;DIESEL S10;5,2851
SAO BERNARDO DO CAMPO;2025-07;DIESEL S10;5,3281
SAO BERNARDO DO CAMPO;2025-08;DIESEL S10;5,4145
SAO BERNARDO DO CAMPO;2025-09;DIESEL S10;5,3673
SAO BERNARDO DO CAMPO;2025-10;DIESEL S10;5,3854
SAO BERNARDO DO CAMPO;2025-11;DIESEL S10;5,4129
SAO BERNARDO DO CAMPO;2025-12;DIESEL S10;5,4267
SAO CAETANO DO SUL;2025-01;ETANOL;3,5052
SAO CAETANO DO SUL;2025-02;ETANOL;3,6038
SAO CAETANO DO SUL;2025-03;ETANOL;3,5586
SAO CAETANO DO SUL;2025-04;ETANOL;3,4562
SAO CAETANO DO SUL;2025-05;ETANOL;3,4184
SAO CAETANO DO SUL;2025-06;ETANOL;3,3314
SAO CAETANO DO SUL;2025-07;ETANOL;3,2855
SAO CAETANO DO SUL;2025-08;ETANOL;3,3864
SAO CAETANO DO SUL;2025-09;ETANOL;3,5381
SAO CAETANO DO SUL;2025-10;ETANOL;3,5099
SAO CAETANO DO SUL;2025-11;ETANOL;3,5912
SAO CAETANO DO SUL;2025-12;ETANOL;3,7062
SAO CAETANO DO SUL;2025-01;GASOLINA;5,3061
SAO CAETANO DO SUL;2025-02;GASOLINA;5,44
SAO CAETANO DO SUL;2025-03;GASOLINA;5,4081
SAO CAETANO DO SUL;2025-04;GASOLINA;5,3611
SAO CAETANO DO SUL;2025-05;GASOLINA;5,3126
SAO CAETANO DO SUL;2025-06;GASOLINA;5,267
SAO CAETANO DO SUL;2025-07;GASOLINA;5,2553
SAO CAETANO DO SUL;2025-08;GASOLINA;5,2819
SAO CAETANO DO SUL;2025-09;GASOLINA;5,277
SAO CAETANO DO SUL;2025-10;GASOLINA;5,2619
SAO CAETANO DO SUL;2025-11;GASOLINA;5,2544
SAO CAETANO DO SUL;2025-12;GASOLINA;5,2732
SAO CAETANO DO SUL;2025-01;DIESEL S10;5,5603
SAO CAETANO DO SUL;2025-02;DIESEL S10;5,777
SAO CAETANO DO SUL;2025-03;DIESEL S10;5,7049
SAO CAETANO DO SUL;2025-04;DIESEL S10;5,4536
SAO CAETANO DO SUL;2025-05;DIESEL S10;5,1948
SAO CAETANO DO SUL;2025-06;DIESEL S10;5,278
SAO CAETANO DO SUL;2025-07;DIESEL S10;5,3025
SAO CAETANO DO SUL;2025-08;DIESEL S10;5,4082
SAO CAETANO DO SUL;2025-09;DIESEL S10;5,3499
SAO CAETANO DO SUL;2025-10;DIESEL S10;5,3627
SAO CAETANO DO SUL;2025-11;DIESEL S10;5,403
SAO CAETANO DO SUL;2025-12;DIESEL S10;5,3947
SAO CARLOS;2025-01;ETANOL;3,3742
SAO CARLOS;2025-02;ETANOL;3,4732
SAO CARLOS;2025-03;ETANOL;3,4401
SAO CARLOS;2025-04;ETANOL;3,367
SAO CARLOS;2025-05;ETANOL;3,3649
SAO CARLOS;2025-06;ETANOL;3,2298
SAO CARLOS;2025-07;ETANOL;3,2094
SAO CARLOS;2025-08;ETANOL;3,3123
SAO CARLOS;2025-09;ETANOL;3,4385
SAO CARLOS;2025-10;ETANOL;3,3974
SAO CARLOS;2025-11;ETANOL;3,4867
SAO CARLOS;2025-12;ETANOL;3,6175
SAO CARLOS;2025-01;GASOLINA;5,2682
SAO CARLOS;2025-02;GASOLINA;5,4173
SAO CARLOS;2025-03;GASOLINA;5,3581
SAO CARLOS;2025-04;GASOLINA;5,3336
SAO CARLOS;2025-05;GASOLINA;5,3217
SAO CARLOS;2025-06;GASOLINA;5,258
SAO CARLOS;2025-07;GASOLINA;5,2451
SAO CARLOS;2025-08;GASOLINA;5,2309
SAO CARLOS;2025-09;GASOLINA;5,1988
SAO CARLOS;2025-10;GASOLINA;5,2434
SAO CARLOS;2025-11;GASOLINA;5,2249
SAO CARLOS;2025-12;GASOLINA;5,2582
SAO CARLOS;2025-01;DIESEL S10;5,4686
SAO CARLOS;2025-02;DIESEL S10;5,6798
SAO CARLOS;2025-03;DIESEL S10;5,5723
SAO CARLOS;2025-04;DIESEL S10;5,3248
SAO CARLOS;2025-05;DIESEL S10;5,1542
SAO CARLOS;2025-06;DIESEL S10;5,1525
SAO CARLOS;2025-07;DIESEL S10;5,2493
SAO CARLOS;2025-08;DIESEL S10;5,3396
SAO CARLOS;2025-09;DIESEL S10;5,2841
SAO CARLOS;2025-10;DIESEL S10;5,3024
SAO CARLOS;2025-11;DIESEL S10;5,3419
SAO CARLOS;2025-12;DIESEL S10;5,3297
SAO JOAO DA BOA VISTA;2025-01;ETANOL;3,3805
SAO JOAO DA BOA VISTA;2025-02;ETANOL;3,4656
SAO JOAO DA BOA VISTA;2025-03;ETANOL;3,4257
SAO JOAO DA BOA VISTA;2025-04;ETANOL;3,3409
SAO JOAO DA BOA VISTA;2025-05;ETANOL;3,3258
SAO JOAO DA BOA VISTA;2025-06;ETANOL;3,1923
SAO JOAO DA BOA VISTA;2025-07;ETANOL;3,1797
SAO JOAO DA BOA VISTA;2025-08;ETANOL;3,3107
SAO JOAO DA BOA VISTA;2025-09;ETANOL;3,4187
SAO JOAO DA BOA VISTA;2025-10;ETANOL;3,389
SAO JOAO DA BOA VISTA;2025-11;ETANOL;3,4889
SAO JOAO DA BOA VISTA;2025-12;ETANOL;3,6019
SAO JOAO DA BOA VISTA;2025-01;GASOLINA;5,2525
SAO JOAO DA BOA VISTA;2025-02;GASOLINA;5,3792
SAO JOAO DA BOA VISTA;2025-03;GASOLINA;5,3518
SAO JOAO DA BOA VISTA;2025-04;GASOLINA;5,3152
SAO JOAO DA BOA VISTA;2025-05;GASOLINA;5,3163
SAO JOAO DA BOA VISTA;2025-06;GASOLINA;5,2416
SAO JOAO DA BOA VISTA;2025-07;GASOLINA;5,2134
SAO JOAO DA BOA VISTA;2025-08;GASOLINA;5,2007
SAO JOAO DA BOA VISTA;2025-09;GASOLINA;5,211
SAO JOAO DA BOA VISTA;2025-10;GASOLINA;5,2095
SAO JOAO DA BOA VISTA;2025-11;GASOLINA;5,179
SAO JOAO DA BOA VISTA;2025-12;GASOLINA;5,1997
SAO JOAO DA BOA VISTA;2025-01;DIESEL S10;5,365
SAO JOAO DA BOA VISTA;2025-02;DIESEL S10;5,5929
SAO JOAO DA BOA VISTA;2025-03;DIESEL S10;5,4871
SAO JOAO DA BOA VISTA;2025-04;DIESEL S10;5,2115
SAO JOAO DA BOA VISTA;2025-05;DIESEL S10;5,0323
SAO JOAO DA BOA VISTA;2025-06;DIESEL S10;5,0576
SAO JOAO DA BOA VISTA;2025-07;DIESEL S10;5,2205
SAO JOAO DA BOA VISTA;2025-08;DIESEL S10;5,3276
SAO JOAO DA BOA VISTA;2025-09;DIESEL S10;5,2206
SAO JOAO DA BOA VISTA;2025-10;DIESEL S10;5,2614
SAO JOAO DA BOA VISTA;2025-11;DIESEL S10;5,2989
SAO JOAO DA BOA VISTA;2025-12;DIESEL S10;5,2673
SAO JOSE DO RIO PRETO;2025-01;ETANOL;3,3525
SAO JOSE DO RIO PRETO;2025-02;ETANOL;3,4647
SAO JOSE DO RIO PRETO;2025-03;ETANOL;3,4485
SAO JOSE DO RIO PRETO;2025-04;ETANOL;3,3606
SAO JOSE DO RIO PRETO;2025-05;ETANOL;3,3347
SAO JOSE DO RIO PRETO;2025-06;ETANOL;3,1876
SAO JOSE DO RIO PRETO;2025-07;ETANOL;3,1674
SAO JOSE DO RIO PRETO;2025-08;ETANOL;3,2692
SAO JOSE DO RIO PRETO;2025-09;ETANOL;3,4713
SAO JOSE DO RIO PRETO;2025-10;ETANOL;3,372
SAO JOSE DO RIO PRETO;2025-11;ETANOL;3,4396
SAO JOSE DO RIO PRETO;2025-12;ETANOL;3,6587
SAO JOSE DO RIO PRETO;2025-01;GASOLINA;5,3706
SAO JOSE DO RIO PRETO;2025-02;GASOLINA;5,5103
SAO JOSE DO RIO PRETO;2025-03;GASOLINA;5,4635
SAO JOSE DO RIO PRETO;2025-04;GASOLINA;5,4211
SAO JOSE DO RIO PRETO;2025-05;GASOLINA;5,3505
SAO JOSE DO RIO PRETO;2025-06;GASOLINA;5,3251
SAO JOSE DO RIO PRETO;2025-07;GASOLINA;5,326
SAO JOSE DO RIO PRETO;2025-08;GASOLINA;5,3253
SAO JOSE DO RIO PRETO;2025-09;GASOLINA;5,3015
SAO JOSE DO RIO PRETO;2025-10;GASOLINA;5,336
SAO JOSE DO RIO PRETO;2025-11;GASOLINA;5,3312
SAO JOSE DO RIO PRETO;2025-12;GASOLINA;5,3616
SAO JOSE DO RIO PRETO;2025-01;DIESEL S10;5,553
SAO JOSE DO RIO PRETO;2025-02;DIESEL S10;5,8019
SAO JOSE DO RIO PRETO;2025-03;DIESEL S10;5,7396
SAO JOSE DO RIO PRETO;2025-04;DIESEL S10;5,4882
SAO JOSE DO RIO PRETO;2025-05;DIESEL S10;5,2678
SAO JOSE DO RIO PRETO;2025-06;DIESEL S10;5,2903
SAO JOSE DO RIO PRETO;2025-07;DIESEL S10;5,3632
SAO JOSE DO RIO PRETO;2025-08;DIESEL S10;5,4746
SAO JOSE DO RIO PRETO;2025-09;DIESEL S10;5,4466
SAO JOSE DO RIO PRETO;2025-10;DIESEL S10;5,4536
SAO JOSE DO RIO PRETO;2025-11;DIESEL S10;5,4734
SAO JOSE DO RIO PRETO;2025-12;DIESEL S10;5,4792
SAO JOSE DOS CAMPOS;2025-01;ETANOL;3,5162
SAO JOSE DOS CAMPOS;2025-02;ETANOL;3,6002
SAO JOSE DOS CAMPOS;2025-03;ETANOL;3,5605
SAO JOSE DOS CAMPOS;2025-04;ETANOL;3,4581
SAO JOSE DOS CAMPOS;2025-05;ETANOL;3,4548
SAO JOSE DOS CAMPOS;2025-06;ETANOL;3,3289
SAO JOSE DOS CAMPOS;2025-07;ETANOL;3,2977
SAO JOSE DOS CAMPOS;2025-08;ETANOL;3,383
SAO JOSE DOS CAMPOS;2025-09;ETANOL;3,5083
SAO JOSE DOS CAMPOS;2025-10;ETANOL;3,4867
SAO JOSE DOS CAMPOS;2025-11;ETANOL;3,5658
SAO JOSE DOS CAMPOS;2025-12;ETANOL;3,6931
SAO JOSE DOS CAMPOS;2025-01;GASOLINA;5,2945
SAO JOSE DOS CAMPOS;2025-02;GASOLINA;5,4128
SAO JOSE DOS CAMPOS;2025-03;GASOLINA;5,3885
SAO JOSE DOS CAMPOS;2025-04;GASOLINA;5,3567
SAO JOSE DOS CAMPOS;2025-05;GASOLINA;5,3556
SAO JOSE DOS CAMPOS;2025-06;GASOLINA;5,2475
SAO JOSE DOS CAMPOS;2025-07;GASOLINA;5,2363
SAO JOSE DOS CAMPOS;2025-08;GASOLINA;5,2453
SAO JOSE DOS CAMPOS;2025-09;GASOLINA;5,2479
SAO JOSE DOS CAMPOS;2025-10;GASOLINA;5,2495
SAO JOSE DOS CAMPOS;2025-11;GASOLINA;5,2244
SAO JOSE DOS CAMPOS;2025-12;GASOLINA;5,2545
SAO JOSE DOS CAMPOS;2025-01;DIESEL S10;5,4869
SAO JOSE DOS CAMPOS;2025-02;DIESEL S10;5,7339
SAO JOSE DOS CAMPOS;2025-03;DIESEL S10;5,6891
SAO JOSE DOS CAMPOS;2025-04;DIESEL S10;5,452
SAO JOSE DOS CAMPOS;2025-05;DIESEL S10;5,2585
SAO JOSE DOS CAMPOS;2025-06;DIESEL S10;5,2482
SAO JOSE DOS CAMPOS;2025-07;DIESEL S10;5,2939
SAO JOSE DOS CAMPOS;2025-08;DIESEL S10;5,3862
SAO JOSE DOS CAMPOS;2025-09;DIESEL S10;5,3611
SAO JOSE DOS CAMPOS;2025-10;DIESEL S10;5,3945
SAO JOSE DOS CAMPOS;2025-11;DIESEL S10;5,4074
SAO JOSE DOS CAMPOS;2025-12;DIESEL S10;5,4292
SAO PAULO;2025-01;ETANOL;3,5284
SAO PAULO;2025-02;ETANOL;3,6224
SAO PAULO;2025-03;ETANOL;3,5719
SAO PAULO;2025-04;ETANOL;3,4552
SAO PAULO;2025-05;ETANOL;3,447
SAO PAULO;2025-06;ETANOL;3,3186
SAO PAULO;2025-07;ETANOL;3,3019
SAO PAULO;2025-08;ETANOL;3,4114
SAO PAULO;2025-09;ETANOL;3,5491
SAO PAULO;2025-10;ETANOL;3,524
SAO PAULO;2025-11;ETANOL;3,6089
SAO PAULO;2025-12;ETANOL;3,7322
SAO PAULO;2025-01;GASOLINA;5,3226
SAO PAULO;2025-02;GASOLINA;5,4442
SAO PAULO;2025-03;GASOLINA;5,4044
SAO PAULO;2025-04;GASOLINA;5,3631
SAO PAULO;2025-05;GASOLINA;5,3602
SAO PAULO;2025-06;GASOLINA;5,2748
SAO PAULO;2025-07;GASOLINA;5,2652
SAO PAULO;2025-08;GASOLINA;5,2699
SAO PAULO;2025-09;GASOLINA;5,2881
SAO PAULO;2025-10;GASOLINA;5,2698
SAO PAULO;2025-11;GASOLINA;5,2541
SAO PAULO;2025-12;GASOLINA;5,2839
SAO PAULO;2025-01;DIESEL S10;5,5202
SAO PAULO;2025-02;DIESEL S10;5,7555
SAO PAULO;2025-03;DIESEL S10;5,6811
SAO PAULO;2025-04;DIESEL S10;5,4186
SAO PAULO;2025-05;DIESEL S10;5,2393
SAO PAULO;2025-06;DIESEL S10;5,2641
SAO PAULO;2025-07;DIESEL S10;5,3002
SAO PAULO;2025-08;DIESEL S10;5,4085
SAO PAULO;2025-09;DIESEL S10;5,3556
SAO PAULO;2025-10;DIESEL S10;5,372
SAO PAULO;2025-11;DIESEL S10;5,409
SAO PAULO;2025-12;DIESEL S10;5,4188
SAO ROQUE;2025-01;ETANOL;3,4744
SAO ROQUE;2025-02;ETANOL;3,5546
SAO ROQUE;2025-03;ETANOL;3,5342
SAO ROQUE;2025-04;ETANOL;3,4419
SAO ROQUE;2025-05;ETANOL;3,4324
SAO ROQUE;2025-06;ETANOL;3,2871
SAO ROQUE;2025-07;ETANOL;3,3018
SAO ROQUE;2025-08;ETANOL;3,4022
SAO ROQUE;2025-09;ETANOL;3,521
SAO ROQUE;2025-10;ETANOL;3,4974
SAO ROQUE;2025-11;ETANOL;3,5904
SAO ROQUE;2025-12;ETANOL;3,7188
SAO ROQUE;2025-01;GASOLINA;5,2927
SAO ROQUE;2025-02;GASOLINA;5,4
SAO ROQUE;2025-03;GASOLINA;5,3787
SAO ROQUE;2025-04;GASOLINA;5,3717
SAO ROQUE;2025-05;GASOLINA;5,3127
SAO ROQUE;2025-06;GASOLINA;5,2752
SAO ROQUE;2025-07;GASOLINA;5,242
SAO ROQUE;2025-08;GASOLINA;5,2301
SAO ROQUE;2025-09;GASOLINA;5,2481
SAO ROQUE;2025-10;GASOLINA;5,2343
SAO ROQUE;2025-11;GASOLINA;5,2096
SAO ROQUE;2025-12;GASOLINA;5,2445
SAO ROQUE;2025-01;DIESEL S10;5,4993
SAO ROQUE;2025-02;DIESEL S10;5,735
SAO ROQUE;2025-03;DIESEL S10;5,6863
SAO ROQUE;2025-04;DIESEL S10;5,4585
SAO ROQUE;2025-05;DIESEL S10;5,2952
SAO ROQUE;2025-06;DIESEL S10;5,2694
SAO ROQUE;2025-07;DIESEL S10;5,2847
SAO ROQUE;2025-08;DIESEL S10;5,3761
SAO ROQUE;2025-09;DIESEL S10;5,3367
SAO ROQUE;2025-10;DIESEL S10;5,3381
SAO ROQUE;2025-11;DIESEL S10;5,3848
SAO ROQUE;2025-12;DIESEL S10;5,4055
SAO VICENTE;2025-01;ETANOL;3,5326
SAO VICENTE;2025-02;ETANOL;3,6397
SAO VICENTE;2025-03;ETANOL;3,6306
SAO VICENTE;2025-04;ETANOL;3,5108
SAO VICENTE;2025-05;ETANOL;3,4971
SAO VICENTE;2025-06;ETANOL;3,3726
SAO VICENTE;2025-07;ETANOL;3,3367
SAO VICENTE;2025-08;ETANOL;3,437
SAO VICENTE;2025-09;ETANOL;3,5738
SAO VICENTE;2025-10;ETANOL;3,5493
SAO VICENTE;2025-11;ETANOL;3,6398
SAO VICENTE;2025-12;ETANOL;3,7724
SAO VICENTE;2025-01;GASOLINA;5,3089
SAO VICENTE;2025-02;GASOLINA;5,4213
SAO VICENTE;2025-03;GASOLINA;5,4157
SAO VICENTE;2025-04;GASOLINA;5,3931
SAO VICENTE;2025-05;GASOLINA;5,4212
SAO VICENTE;2025-06;GASOLINA;5,2919
SAO VICENTE;2025-07;GASOLINA;5,2633
SAO VICENTE;2025-08;GASOLINA;5,2716
SAO VICENTE;2025-09;GASOLINA;5,2826
SAO VICENTE;2025-10;GASOLINA;5,2441
SAO VICENTE;2025-11;GASOLINA;5,2472
SAO VICENTE;2025-12;GASOLINA;5,2879
SAO VICENTE;2025-01;DIESEL S10;5,5151
SAO VICENTE;2025-02;DIESEL S10;5,7135
SAO VICENTE;2025-03;DIESEL S10;5,678
SAO VICENTE;2025-04;DIESEL S10;5,466
SAO VICENTE;2025-05;DIESEL S10;5,2887
SAO VICENTE;2025-06;DIESEL S10;5,2601
SAO VICENTE;2025-07;DIESEL S10;5,32
SAO VICENTE;2025-08;DIESEL S10;5,3803
SAO VICENTE;2025-09;DIESEL S10;5,3396
SAO VICENTE;2025-10;DIESEL S10;5,3529
SAO VICENTE;2025-11;DIESEL S10;5,3805
SAO VICENTE;2025-12;DIESEL S10;5,3907
SOROCABA;2025-01;ETANOL;3,4468
SOROCABA;2025-02;ETANOL;3,5398
SOROCABA;2025-03;ETANOL;3,501
SOROCABA;2025-04;ETANOL;3,4044
SOROCABA;2025-05;ETANOL;3,3825
SOROCABA;2025-06;ETANOL;3,2674
SOROCABA;2025-07;ETANOL;3,2589
SOROCABA;2025-08;ETANOL;3,3831
SOROCABA;2025-09;ETANOL;3,4952
SOROCABA;2025-10;ETANOL;3,4652
SOROCABA;2025-11;ETANOL;3,5662
SOROCABA;2025-12;ETANOL;3,6815
SOROCABA;2025-01;GASOLINA;5,3087
SOROCABA;2025-02;GASOLINA;5,4373
SOROCABA;2025-03;GASOLINA;5,3767
SOROCABA;2025-04;GASOLINA;5,3379
SOROCABA;2025-05;GASOLINA;5,323
SOROCABA;2025-06;GASOLINA;5,2439
SOROCABA;2025-07;GASOLINA;5,2466
SOROCABA;2025-08;GASOLINA;5,2501
SOROCABA;2025-09;GASOLINA;5,2422
SOROCABA;2025-10;GASOLINA;5,2424
SOROCABA;2025-11;GASOLINA;5,2391
SOROCABA;2025-12;GASOLINA;5,2571
SOROCABA;2025-01;DIESEL S10;5,5529
SOROCABA;2025-02;DIESEL S10;5,7686
SOROCABA;2025-03;DIESEL S10;5,6965
SOROCABA;2025-04;DIESEL S10;5,452
SOROCABA;2025-05;DIESEL S10;5,2434
SOROCABA;2025-06;DIESEL S10;5,2469
SOROCABA;2025-07;DIESEL S10;5,3189
SOROCABA;2025-08;DIESEL S10;5,3999
SOROCABA;2025-09;DIESEL S10;5,3795
SOROCABA;2025-10;DIESEL S10;5,3941
SOROCABA;2025-11;DIESEL S10;5,4336
SOROCABA;2025-12;DIESEL S10;5,4176
SUMARE;2025-01;ETANOL;3,466
SUMARE;2025-02;ETANOL;3,5675
SUMARE;2025-03;ETANOL;3,5323
SUMARE;2025-04;ETANOL;3,4092
SUMARE;2025-05;ETANOL;3,3965
SUMARE;2025-06;ETANOL;3,2641
SUMARE;2025-07;ETANOL;3,2503
SUMARE;2025-08;ETANOL;3,3657
SUMARE;2025-09;ETANOL;3,485
SUMARE;2025-10;ETANOL;3,4509
SUMARE;2025-11;ETANOL;3,5369
SUMARE;2025-12;ETANOL;3,6601
SUMARE;2025-01;GASOLINA;5,2973
SUMARE;2025-02;GASOLINA;5,4048
SUMARE;2025-03;GASOLINA;5,3649
SUMARE;2025-04;GASOLINA;5,3435
SUMARE;2025-05;GASOLINA;5,3066
SUMARE;2025-06;GASOLINA;5,2494
SUMARE;2025-07;GASOLINA;5,2341
SUMARE;2025-08;GASOLINA;5,2312
SUMARE;2025-09;GASOLINA;5,2204
SUMARE;2025-10;GASOLINA;5,229
SUMARE;2025-11;GASOLINA;5,2188
SUMARE;2025-12;GASOLINA;5,2388
SUMARE;2025-01;DIESEL S10;5,5026
SUMARE;2025-02;DIESEL S10;5,7205
SUMARE;2025-03;DIESEL S10;5,6498
SUMARE;2025-04;DIESEL S10;5,4141
SUMARE;2025-05;DIESEL S10;5,2105
SUMARE;2025-06;DIESEL S10;5,2103
SUMARE;2025-07;DIESEL S10;5,2571
SUMARE;2025-08;DIESEL S10;5,3221
SUMARE;2025-09;DIESEL S10;5,3096
SUMARE;2025-10;DIESEL S10;5,3279
SUMARE;2025-11;DIESEL S10;5,3561
SUMARE;2025-12;DIESEL S10;5,3551
SUZANO;2025-01;ETANOL;3,5096
SUZANO;2025-02;ETANOL;3,5966
SUZANO;2025-03;ETANOL;3,5313
SUZANO;2025-04;ETANOL;3,4049
SUZANO;2025-05;ETANOL;3,3999
SUZANO;2025-06;ETANOL;3,276
SUZANO;2025-07;ETANOL;3,247
SUZANO;2025-08;ETANOL;3,3569
SUZANO;2025-09;ETANOL;3,4956
SUZANO;2025-10;ETANOL;3,4618
SUZANO;2025-11;ETANOL;3,5496
SUZANO;2025-12;ETANOL;3,6582
SUZANO;2025-01;GASOLINA;5,2757
SUZANO;2025-02;GASOLINA;5,3934
SUZANO;2025-03;GASOLINA;5,3688
SUZANO;2025-04;GASOLINA;5,3265
SUZANO;2025-05;GASOLINA;5,3009
SUZANO;2025-06;GASOLINA;5,2357
SUZANO;2025-07;GASOLINA;5,2234
SUZANO;2025-08;GASOLINA;5,2168
SUZANO;2025-09;GASOLINA;5,2387
SUZANO;2025-10;GASOLINA;5,2171
SUZANO;2025-11;GASOLINA;5,1937
SUZANO;2025-12;GASOLINA;5,2258
SUZANO;2025-01;DIESEL S10;5,4464
SUZANO;2025-02;DIESEL S10;5,6974
SUZANO;2025-03;DIESEL S10;5,6329
SUZANO;2025-04;DIESEL S10;5,3837
SUZANO;2025-05;DIESEL S10;5,1684
SUZANO;2025-06;DIESEL S10;5,1988
SUZANO;2025-07;DIESEL S10;5,2856
SUZANO;2025-08;DIESEL S10;5,3738
SUZANO;2025-09;DIESEL S10;5,3033
SUZANO;2025-10;DIESEL S10;5,3086
SUZANO;2025-11;DIESEL S10;5,3442
SUZANO;2025-12;DIESEL S10;5,3612
TABOAO DA SERRA;2025-01;ETANOL;3,4992
TABOAO DA SERRA;2025-02;ETANOL;3,5913
TABOAO DA SERRA;2025-03;ETANOL;3,5576
TABOAO DA SERRA;2025-04;ETANOL;3,472
TABOAO DA SERRA;2025-05;ETANOL;3,4224
TABOAO DA SERRA;2025-06;ETANOL;3,3384
TABOAO DA SERRA;2025-07;ETANOL;3,2752
TABOAO DA SERRA;2025-08;ETANOL;3,393
TABOAO DA SERRA;2025-09;ETANOL;3,5271
TABOAO DA SERRA;2025-10;ETANOL;3,5016
TABOAO DA SERRA;2025-11;ETANOL;3,595
TABOAO DA SERRA;2025-12;ETANOL;3,7064
TABOAO DA SERRA;2025-01;GASOLINA;5,2738
TABOAO DA SERRA;2025-02;GASOLINA;5,3845
TABOAO DA SERRA;2025-03;GASOLINA;5,3827
TABOAO DA SERRA;2025-04;GASOLINA;5,3525
TABOAO DA SERRA;2025-05;GASOLINA;5,3098
TABOAO DA SERRA;2025-06;GASOLINA;5,2511
TABOAO DA SERRA;2025-07;GASOLINA;5,2146
TABOAO DA SERRA;2025-08;GASOLINA;5,2256
TABOAO DA SERRA;2025-09;GASOLINA;5,2406
TABOAO DA SERRA;2025-10;GASOLINA;5,233
TABOAO DA SERRA;2025-11;GASOLINA;5,217
TABOAO DA SERRA;2025-12;GASOLINA;5,2436
TABOAO DA SERRA;2025-01;DIESEL S10;5,4899
TABOAO DA SERRA;2025-02;DIESEL S10;5,7299
TABOAO DA SERRA;2025-03;DIESEL S10;5,6584
TABOAO DA SERRA;2025-04;DIESEL S10;5,4139
TABOAO DA SERRA;2025-05;DIESEL S10;5,2278
TABOAO DA SERRA;2025-06;DIESEL S10;5,2473
TABOAO DA SERRA;2025-07;DIESEL S10;5,3267
TABOAO DA SERRA;2025-08;DIESEL S10;5,4353
TABOAO DA SERRA;2025-09;DIESEL S10;5,3573
TABOAO DA SERRA;2025-10;DIESEL S10;5,3646
TABOAO DA SERRA;2025-11;DIESEL S10;5,4004
TABOAO DA SERRA;2025-12;DIESEL S10;5,4118
TATUI;2025-01;ETANOL;3,4281
TATUI;2025-02;ETANOL;3,5193
TATUI;2025-03;ETANOL;3,5449
TATUI;2025-04;ETANOL;3,4218
TATUI;2025-05;ETANOL;3,4156
TATUI;2025-06;ETANOL;3,2901
TATUI;2025-07;ETANOL;3,3085
TATUI;2025-08;ETANOL;3,4208
TATUI;2025-09;ETANOL;3,586
TATUI;2025-10;ETANOL;3,452
TATUI;2025-11;ETANOL;3,5701
TATUI;2025-12;ETANOL;3,7314
TATUI;2025-01;GASOLINA;5,2804
TATUI;2025-02;GASOLINA;5,4126
TATUI;2025-03;GASOLINA;5,3637
TATUI;2025-04;GASOLINA;5,334
TATUI;2025-05;GASOLINA;5,3129
TATUI;2025-06;GASOLINA;5,25
TATUI;2025-07;GASOLINA;5,2595
TATUI;2025-08;GASOLINA;5,2198
TATUI;2025-09;GASOLINA;5,209
TATUI;2025-10;GASOLINA;5,2395
TATUI;2025-11;GASOLINA;5,2365
TATUI;2025-12;GASOLINA;5,2615
TATUI;2025-01;DIESEL S10;5,4625
TATUI;2025-02;DIESEL S10;5,7064
TATUI;2025-03;DIESEL S10;5,6249
TATUI;2025-04;DIESEL S10;5,3862
TATUI;2025-05;DIESEL S10;5,195
TATUI;2025-06;DIESEL S10;5,188
TATUI;2025-07;DIESEL S10;5,2353
TATUI;2025-08;DIESEL S10;5,3339
TATUI;2025-09;DIESEL S10;5,2935
TATUI;2025-10;DIESEL S10;5,3255
TATUI;2025-11;DIESEL S10;5,3319
TATUI;2025-12;DIESEL S10;5,3664
TAUBATE;2025-01;ETANOL;3,5123
TAUBATE;2025-02;ETANOL;3,6027
TAUBATE;2025-03;ETANOL;3,5921
TAUBATE;2025-04;ETANOL;3,4799
TAUBATE;2025-05;ETANOL;3,4592
TAUBATE;2025-06;ETANOL;3,3367
TAUBATE;2025-07;ETANOL;3,3027
TAUBATE;2025-08;ETANOL;3,3865
TAUBATE;2025-09;ETANOL;3,515
TAUBATE;2025-10;ETANOL;3,5068
TAUBATE;2025-11;ETANOL;3,5837
TAUBATE;2025-12;ETANOL;3,706
TAUBATE;2025-01;GASOLINA;5,2854
TAUBATE;2025-02;GASOLINA;5,4011
TAUBATE;2025-03;GASOLINA;5,3709
TAUBATE;2025-04;GASOLINA;5,3731
TAUBATE;2025-05;GASOLINA;5,3865
TAUBATE;2025-06;GASOLINA;5,2706
TAUBATE;2025-07;GASOLINA;5,2485
TAUBATE;2025-08;GASOLINA;5,2486
TAUBATE;2025-09;GASOLINA;5,2779
TAUBATE;2025-10;GASOLINA;5,2435
TAUBATE;2025-11;GASOLINA;5,215
TAUBATE;2025-12;GASOLINA;5,2504
TAUBATE;2025-01;DIESEL S10;5,498
TAUBATE;2025-02;DIESEL S10;5,7527
TAUBATE;2025-03;DIESEL S10;5,6949
TAUBATE;2025-04;DIESEL S10;5,5107
TAUBATE;2025-05;DIESEL S10;5,3192
TAUBATE;2025-06;DIESEL S10;5,3138
TAUBATE;2025-07;DIESEL S10;5,3466
TAUBATE;2025-08;DIESEL S10;5,4133
TAUBATE;2025-09;DIESEL S10;5,401
TAUBATE;2025-10;DIESEL S10;5,4067
TAUBATE;2025-11;DIESEL S10;5,4312
TAUBATE;2025-12;DIESEL S10;5,431
UBATUBA;2025-01;ETANOL;3,6194
UBATUBA;2025-02;ETANOL;3,6889
UBATUBA;2025-03;ETANOL;3,6398
UBATUBA;2025-04;ETANOL;3,5654
UBATUBA;2025-05;ETANOL;3,522
UBATUBA;2025-06;ETANOL;3,4073
UBATUBA;2025-07;ETANOL;3,3802
UBATUBA;2025-08;ETANOL;3,4313
UBATUBA;2025-09;ETANOL;3,5538
UBATUBA;2025-10;ETANOL;3,5748
UBATUBA;2025-11;ETANOL;3,6692
UBATUBA;2025-12;ETANOL;3,7899
UBATUBA;2025-01;GASOLINA;5,4256
UBATUBA;2025-02;GASOLINA;5,5565
UBATUBA;2025-03;GASOLINA;5,544
UBATUBA;2025-04;GASOLINA;5,55
UBATUBA;2025-05;GASOLINA;5,5637
UBATUBA;2025-06;GASOLINA;5,3802
UBATUBA;2025-07;GASOLINA;5,3986
UBATUBA;2025-08;GASOLINA;5,3618
UBATUBA;2025-09;GASOLINA;5,419
UBATUBA;2025-10;GASOLINA;5,3477
UBATUBA;2025-11;GASOLINA;5,3324
UBATUBA;2025-12;GASOLINA;5,3552
UBATUBA;2025-01;DIESEL S10;5,6348
UBATUBA;2025-02;DIESEL S10;5,846
UBATUBA;2025-03;DIESEL S10;5,8261
UBATUBA;2025-04;DIESEL S10;5,6374
UBATUBA;2025-05;DIESEL S10;5,4396
UBATUBA;2025-06;DIESEL S10;5,4364
UBATUBA;2025-07;DIESEL S10;5,432
UBATUBA;2025-08;DIESEL S10;5,4883
UBATUBA;2025-09;DIESEL S10;5,4778
UBATUBA;2025-10;DIESEL S10;5,4611
UBATUBA;2025-11;DIESEL S10;5,5023
UBATUBA;2025-12;DIESEL S10;5,5316
VALINHOS;2025-01;ETANOL;3,4734
VALINHOS;2025-02;ETANOL;3,5861
VALINHOS;2025-03;ETANOL;3,5601
VALINHOS;2025-04;ETANOL;3,4455
VALINHOS;2025-05;ETANOL;3,4259
VALINHOS;2025-06;ETANOL;3,2815
VALINHOS;2025-07;ETANOL;3,2784
VALINHOS;2025-08;ETANOL;3,385
VALINHOS;2025-09;ETANOL;3,51
VALINHOS;2025-10;ETANOL;3,465
VALINHOS;2025-11;ETANOL;3,542
VALINHOS;2025-12;ETANOL;3,665
VALINHOS;2025-01;GASOLINA;5,3889
VALINHOS;2025-02;GASOLINA;5,4636
VALINHOS;2025-03;GASOLINA;5,4262
VALINHOS;2025-04;GASOLINA;5,3941
VALINHOS;2025-05;GASOLINA;5,3862
VALINHOS;2025-06;GASOLINA;5,2917
VALINHOS;2025-07;GASOLINA;5,2887
VALINHOS;2025-08;GASOLINA;5,2872
VALINHOS;2025-09;GASOLINA;5,2841
VALINHOS;2025-10;GASOLINA;5,2833
VALINHOS;2025-11;GASOLINA;5,2687
VALINHOS;2025-12;GASOLINA;5,2836
VALINHOS;2025-01;DIESEL S10;5,5305
VALINHOS;2025-02;DIESEL S10;5,7651
VALINHOS;2025-03;DIESEL S10;5,6915
VALINHOS;2025-04;DIESEL S10;5,4655
VALINHOS;2025-05;DIESEL S10;5,274
VALINHOS;2025-06;DIESEL S10;5,2594
VALINHOS;2025-07;DIESEL S10;5,2773
VALINHOS;2025-08;DIESEL S10;5,3603
VALINHOS;2025-09;DIESEL S10;5,3398
VALINHOS;2025-10;DIESEL S10;5,3508
VALINHOS;2025-11;DIESEL S10;5,3743
VALINHOS;2025-12;DIESEL S10;5,3977
VARZEA PAULISTA;2025-01;ETANOL;3,5059
VARZEA PAULISTA;2025-02;ETANOL;3,5855
VARZEA PAULISTA;2025-03;ETANOL;3,5526
VARZEA PAULISTA;2025-04;ETANOL;3,4538
VARZEA PAULISTA;2025-05;ETANOL;3,4402
VARZEA PAULISTA;2025-06;ETANOL;3,3117
VARZEA PAULISTA;2025-07;ETANOL;3,2979
VARZEA PAULISTA;2025-08;ETANOL;3,4034
VARZEA PAULISTA;2025-09;ETANOL;3,5594
VARZEA PAULISTA;2025-10;ETANOL;3,491
VARZEA PAULISTA;2025-11;ETANOL;3,5801
VARZEA PAULISTA;2025-12;ETANOL;3,7215
VARZEA PAULISTA;2025-01;GASOLINA;5,3204
VARZEA PAULISTA;2025-02;GASOLINA;5,4279
VARZEA PAULISTA;2025-03;GASOLINA;5,3895
VARZEA PAULISTA;2025-04;GASOLINA;5,3508
VARZEA PAULISTA;2025-05;GASOLINA;5,3599
VARZEA PAULISTA;2025-06;GASOLINA;5,2628
VARZEA PAULISTA;2025-07;GASOLINA;5,258
VARZEA PAULISTA;2025-08;GASOLINA;5,2544
VARZEA PAULISTA;2025-09;GASOLINA;5,2442
VARZEA PAULISTA;2025-10;GASOLINA;5,2531
VARZEA PAULISTA;2025-11;GASOLINA;5,2422
VARZEA PAULISTA;2025-12;GASOLINA;5,2738
VARZEA PAULISTA;2025-01;DIESEL S10;5,5628
VARZEA PAULISTA;2025-02;DIESEL S10;5,7847
VARZEA PAULISTA;2025-03;DIESEL S10;5,7221
VARZEA PAULISTA;2025-04;DIESEL S10;5,4593
VARZEA PAULISTA;2025-05;DIESEL S10;5,2742
VARZEA PAULISTA;2025-06;DIESEL S10;5,3251
VARZEA PAULISTA;2025-07;DIESEL S10;5,3811
VARZEA PAULISTA;2025-08;DIESEL S10;5,4367
VARZEA PAULISTA;2025-09;DIESEL S10;5,3854
VARZEA PAULISTA;2025-10;DIESEL S10;5,3895
VARZEA PAULISTA;2025-11;DIESEL S10;5,4422
VARZEA PAULISTA;2025-12;DIESEL S10;5,4391
VINHEDO;2025-01;ETANOL;3,5574
VINHEDO;2025-02;ETANOL;3,6483
VINHEDO;2025-03;ETANOL;3,6283
VINHEDO;2025-04;ETANOL;3,5108
VINHEDO;2025-05;ETANOL;3,5005
VINHEDO;2025-06;ETANOL;3,3437
VINHEDO;2025-07;ETANOL;3,3427
VINHEDO;2025-08;ETANOL;3,4307
VINHEDO;2025-09;ETANOL;3,5413
VINHEDO;2025-10;ETANOL;3,5308
VINHEDO;2025-11;ETANOL;3,6227
VINHEDO;2025-12;ETANOL;3,7537
VINHEDO;2025-01;GASOLINA;5,4408
VINHEDO;2025-02;GASOLINA;5,5248
VINHEDO;2025-03;GASOLINA;5,4992
VINHEDO;2025-04;GASOLINA;5,458
VINHEDO;2025-05;GASOLINA;5,4664
VINHEDO;2025-06;GASOLINA;5,3733
VINHEDO;2025-07;GASOLINA;5,3707
VINHEDO;2025-08;GASOLINA;5,3586
VINHEDO;2025-09;GASOLINA;5,3898
VINHEDO;2025-10;GASOLINA;5,3822
VINHEDO;2025-11;GASOLINA;5,3658
VINHEDO;2025-12;GASOLINA;5,4063
VINHEDO;2025-01;DIESEL S10;5,6324
VINHEDO;2025-02;DIESEL S10;5,8783
VINHEDO;2025-03;DIESEL S10;5,8761
VINHEDO;2025-04;DIESEL S10;5,6151
VINHEDO;2025-05;DIESEL S10;5,4551
VINHEDO;2025-06;DIESEL S10;5,4561
VINHEDO;2025-07;DIESEL S10;5,4282
VINHEDO;2025-08;DIESEL S10;5,5176
VINHEDO;2025-09;DIESEL S10;5,4538
VINHEDO;2025-10;DIESEL S10;5,4889
VINHEDO;2025-11;DIESEL S10;5,5094
VINHEDO;2025-12;DIESEL S10;5,4729
VOTORANTIM;2025-01;ETANOL;3,4889
VOTORANTIM;2025-02;ETANOL;3,5561
VOTORANTIM;2025-03;ETANOL;3,536
VOTORANTIM;2025-04;ETANOL;3,4341
VOTORANTIM;2025-05;ETANOL;3,4095
VOTORANTIM;2025-06;ETANOL;3,2641
VOTORANTIM;2025-07;ETANOL;3,2599
VOTORANTIM;2025-08;ETANOL;3,4117
VOTORANTIM;2025-09;ETANOL;3,5271
VOTORANTIM;2025-10;ETANOL;3,4787
VOTORANTIM;2025-11;ETANOL;3,5855
VOTORANTIM;2025-12;ETANOL;3,6968
VOTORANTIM;2025-01;GASOLINA;5,3053
VOTORANTIM;2025-02;GASOLINA;5,4945
VOTORANTIM;2025-03;GASOLINA;5,428
VOTORANTIM;2025-04;GASOLINA;5,3773
VOTORANTIM;2025-05;GASOLINA;5,3571
VOTORANTIM;2025-06;GASOLINA;5,2552
VOTORANTIM;2025-07;GASOLINA;5,2467
VOTORANTIM;2025-08;GASOLINA;5,272
VOTORANTIM;2025-09;GASOLINA;5,2949
VOTORANTIM;2025-10;GASOLINA;5,2797
VOTORANTIM;2025-11;GASOLINA;5,2733
VOTORANTIM;2025-12;GASOLINA;5,2947
VOTORANTIM;2025-01;DIESEL S10;5,539
VOTORANTIM;2025-02;DIESEL S10;5,7671
VOTORANTIM;2025-03;DIESEL S10;5,6792
VOTORANTIM;2025-04;DIESEL S10;5,4131
VOTORANTIM;2025-05;DIESEL S10;5,1843
VOTORANTIM;2025-06;DIESEL S10;5,2195
VOTORANTIM;2025-07;DIESEL S10;5,3073
VOTORANTIM;2025-08;DIESEL S10;5,3951
VOTORANTIM;2025-09;DIESEL S10;5,3657
VOTORANTIM;2025-10;DIESEL S10;5,373
VOTORANTIM;2025-11;DIESEL S10;5,4112
VOTORANTIM;2025-12;DIESEL S10;5,4016
VOTUPORANGA;2025-01;ETANOL;3,3539
VOTUPORANGA;2025-02;ETANOL;3,4748
VOTUPORANGA;2025-03;ETANOL;3,4543
VOTUPORANGA;2025-04;ETANOL;3,3753
VOTUPORANGA;2025-05;ETANOL;3,3428
VOTUPORANGA;2025-06;ETANOL;3,3976
VOTUPORANGA;2025-07;ETANOL;3,319
VOTUPORANGA;2025-08;ETANOL;3,3789
VOTUPORANGA;2025-09;ETANOL;3,4327
VOTUPORANGA;2025-10;ETANOL;3,403
VOTUPORANGA;2025-11;ETANOL;3,4557
VOTUPORANGA;2025-12;ETANOL;3,6039
VOTUPORANGA;2025-01;GASOLINA;5,4452
VOTUPORANGA;2025-02;GASOLINA;5,5626
VOTUPORANGA;2025-03;GASOLINA;5,5158
VOTUPORANGA;2025-04;GASOLINA;5,5256
VOTUPORANGA;2025-05;GASOLINA;5,4441
VOTUPORANGA;2025-06;GASOLINA;5,4238
VOTUPORANGA;2025-07;GASOLINA;5,4235
VOTUPORANGA;2025-08;GASOLINA;5,4084
VOTUPORANGA;2025-09;GASOLINA;5,372
VOTUPORANGA;2025-10;GASOLINA;5,38
VOTUPORANGA;2025-11;GASOLINA;5,3389
VOTUPORANGA;2025-12;GASOLINA;5,3704
VOTUPORANGA;2025-01;DIESEL S10;5,5258
VOTUPORANGA;2025-02;DIESEL S10;5,7747
VOTUPORANGA;2025-03;DIESEL S10;5,7341
VOTUPORANGA;2025-04;DIESEL S10;5,4429
VOTUPORANGA;2025-05;DIESEL S10;5,2269
VOTUPORANGA;2025-06;DIESEL S10;5,2406
VOTUPORANGA;2025-07;DIESEL S10;5,3097
VOTUPORANGA;2025-08;DIESEL S10;5,4499
VOTUPORANGA;2025-09;DIESEL S10;5,4182
VOTUPORANGA;2025-10;DIESEL S10;5,4041
VOTUPORANGA;2025-11;DIESEL S10;5,4337
VOTUPORANGA;2025-12;DIESEL S10;5,4593
